AAAAAAACGCAACTAAT	[6.30586398e-07]
AAAAACACACATCTGGC	[0.00640593]
AAAACCAAACACCTGAA	[0.00640593]
AAAACCAAACAGCTCAG	[0.00640593]
AAAACCAAACATATCAA	[0.00640593]
AAAACCAAACATATCAA	[0.00640593]
AAAACCACACACATCGC	[0.00640593]
AAAACCACACCTTGTAT	[0.00640593]
AAAACCAGACATACTAA	[0.00640593]
AAAACCAGACCCTTTAC	[0.00640593]
AAAACCAGGCACCAAGG	[0.00640593]
AAAACCATACACATTCG	[0.00640593]
AAAACCATAGACTTCTC	[0.00640593]
AAAACCATCCATCCTGT	[0.00640593]
AAAACCATGCAGTTCTT	[0.00640593]
AAAACCATGCCGTTGAA	[0.00640593]
AAAACCATTCCCAACAA	[0.00640593]
AAAACCTTACATTGTTC	[0.00640593]
AAAAGCACGCATCCGGC	[0.00640593]
AAAAGCACGCATCCGGC	[0.00640593]
AAAAGCATACCCCGCAC	[0.00640593]
AAAAGCATGCACCTTGC	[0.00640593]
AAAATCATACATTTCCA	[0.00640593]
AAAATCATACATTTCGG	[0.00640593]
AAACACACAAACGCCAG	[0.00640593]
AAACACACAAACGCCAG	[0.00640593]
AAACACACACACACAAA	[0.00640593]
AAACACACACACTCACC	[0.00640593]
AAACACAGATACCTCGA	[0.00640593]
AAACACATACACCTTAA	[0.00640593]
AAACACATACATTACCA	[0.00640593]
AAACACATGCACGCCAC	[0.00640593]
AAACACATGTCCCACGA	[0.00640593]
AAACACATTCATCTCTT	[0.00640593]
AAACACGTACCTCGTGA	[0.00640593]
AAACCAACACCTAGGGC	[0.00640593]
AAACCAAGACACCTCCT	[0.00640593]
AAACCAGTTCATCACTT	[0.00640593]
AAACCATTACATTATGT	[0.00640593]
AAACCCAAACAATTGTT	[0.00640593]
AAACCCAAACACCACAT	[0.99997705]
AAACCCAAACAGGTCGT	[0.00640593]
AAACCCAAACATATTAA	[0.1744971]
AAACCCAAACATCACAC	[0.99997705]
AAACCCAAACATCACAC	[0.99997705]
AAACCCAAACATGTACT	[0.00640593]
AAACCCAAACATTTCTG	[0.00714372]
AAACCCAAACGCCCTCA	[0.00641325]
AAACCCAAAGATCTGAA	[0.00640593]
AAACCCAAGAATCTGAG	[0.00640593]
AAACCCAAGCAACCGAT	[0.00640593]
AAACCCAAGCAAGCCGC	[0.00640593]
AAACCCAAGCCCAAGCT	[0.00640593]
AAACCCAAGCCCATGCT	[0.00640593]
AAACCCAATCCCTTCAG	[0.00640593]
AAACCCACACATGCATC	[0.0064082]
AAACCCACACATGCATC	[0.0064082]
AAACCCACGCCACCAGC	[0.00640593]
AAACCCACTCATATCTA	[0.00640593]
AAACCCAGACACGCTCG	[0.00686701]
AAACCCAGACATATTTT	[0.00640596]
AAACCCAGACATATTTT	[0.00640596]
AAACCCAGACATCATTA	[0.99997705]
AAACCCAGACATCATTA	[0.99997705]
AAACCCAGACATCATTA	[0.99997705]
AAACCCAGACATCATTA	[0.99997705]
AAACCCAGACATCATTA	[0.99997705]
AAACCCAGACTCTACCA	[0.00641144]
AAACCCAGACTTCTCGA	[0.99997389]
AAACCCAGAGAGCTTCA	[0.00640593]
AAACCCAGATATAGAAG	[0.00640593]
AAACCCAGATATCGAAC	[0.00640593]
AAACCCAGCCATCAATT	[0.00640593]
AAACCCAGGAACTACGC	[0.00640593]
AAACCCATACAATAGCC	[0.00640618]
AAACCCATACAATATAT	[0.9999683]
AAACCCATACACAATGA	[0.99997705]
AAACCCATACATCGGGA	[0.99997705]
AAACCCATAGAGCACGC	[0.00640593]
AAACCCATATCTGGAAC	[0.00640593]
AAACCCATATCTGGAAC	[0.00640593]
AAACCCATCCACAATCT	[0.00640593]
AAACCCATCCACAATCT	[0.00640593]
AAACCCATCCACAATCT	[0.00640593]
AAACCCATGAATTTTAA	[0.00640593]
AAACCCATGCAATGGAG	[0.00640593]
AAACCCATGCATTAAGA	[0.99997705]
AAACCCATGGCTCAGTA	[0.00640593]
AAACCCATTCCTTCATA	[0.00640593]
AAACCCCGACCTACTAT	[0.00640593]
AAACCCCGACCTACTAT	[0.00640593]
AAACCCCTACCCCCTCT	[0.00640593]
AAACCCCTGCATTTTCA	[0.00640593]
AAACCCGAACATCGGTG	[0.00640593]
AAACCCGCACATCACAT	[0.99997705]
AAACCCGCACCTATCAA	[0.67126818]
AAACCCGGACATTCCAT	[0.99997705]
AAACCCGTACCCTGTTT	[0.00983044]
AAACCCGTAGATTACAG	[0.00640593]
AAACCCGTTCGTAAAAT	[0.00640593]
AAACCCTGACACATTTT	[0.00640593]
AAACCCTGACACATTTT	[0.00640593]
AAACCCTGACATATTAG	[0.00640593]
AAACCCTGTCGTCAAGG	[0.00640593]
AAACCCTGTCGTCAAGG	[0.00640593]
AAACCCTTACCAAATCT	[0.00640593]
AAACCCTTCCATAGGGC	[0.00640593]
AAACCCTTGAATAGCAC	[0.00640593]
AAACCCTTGCCTTTGAA	[0.00640593]
AAACCCTTTCATTTACT	[0.00640593]
AAACCCTTTCATTTACT	[0.00640593]
AAACCCTTTCCCTCTGG	[0.00640593]
AAACCCTTTCCTATGAT	[0.00640593]
AAACCCTTTCCTCTTTT	[0.00640593]
AAACCGAGACCCTACCA	[0.00640593]
AAACCGATGCATTTGGT	[0.00640593]
AAACCGGTACCTCCGCT	[0.00640593]
AAACCTTCACCTGGTGG	[0.00640593]
AAACGCAAACACTTTTT	[0.00640593]
AAACGCACAGACTTGAT	[0.00640593]
AAACGCAGAGACCTCTT	[0.00640593]
AAACGCAGAGACCTCTT	[0.00640593]
AAACGCATACACAGCCA	[0.00640593]
AAACGCATACATCCTCA	[0.00640593]
AAACGCATAGACTACGA	[0.00640593]
AAACGCATGCAATTTAA	[0.00640593]
AAACGCATGCACGTATT	[0.00640593]
AAACGCATGCGCACGGC	[0.00640593]
AAACGCGGACACTACGA	[0.00640593]
AAACGCGTACACAGGAA	[0.00640593]
AAACTCAAGCACATGAT	[0.00640593]
AAACTCAAGCCTCCCAA	[0.00640593]
AAACTCACGCAGCTCTC	[0.00640593]
AAACTCACGCAGCTCTC	[0.00640593]
AAACTCACGCAGCTCTC	[0.00640593]
AAACTCACGGACTCGAG	[0.00640593]
AAACTCATACGCACCGA	[0.00640593]
AAACTCATAGCCACCAA	[0.00640593]
AAACTCATATATCTCTT	[0.00640593]
AAACTCATATCCTTGAC	[0.00640593]
AAACTCATGCATTTTTC	[0.00640593]
AAACTCATGCGCCTCCA	[0.00640593]
AAACTCGTTCATAGTAT	[0.00640593]
AAACTTGCATATATTTT	[0.00640593]
AAAGCCACACAAACCGA	[0.00640593]
AAAGCCACACCTTTCAC	[0.00640593]
AAAGCCAGACACATCTT	[0.00640593]
AAAGCCATACCACAGAA	[0.00640593]
AAAGCCATACTTCCGTA	[0.00640593]
AAAGCCATATATCCCAA	[0.00640593]
AAAGCCGCACACCTCCC	[0.00640593]
AAAGCCGGACACGCCAT	[0.00640593]
AAAGCCGGACCTTTCAA	[0.00640593]
AAAGCCGTGCATTTTAC	[0.00640593]
AAAGTCATACACTTTTT	[0.00640593]
AAATACAAACAACTTCT	[0.00640593]
AAATACAAACACATGCT	[0.00640593]
AAATACACAAATTTCAT	[0.00640593]
AAATACACACATACCAC	[0.00640593]
AAATACACACATTTTAC	[0.00640593]
AAATACAGGCACTTTTC	[0.00640593]
AAATACATACAATTTAG	[0.00640593]
AAATACATACACATATT	[0.00640593]
AAATACATACATATCTT	[0.00640593]
AAATACATACATATCTT	[0.00640593]
AAATACATGCATGTGTT	[0.00640593]
AAATACATGCATGTGTT	[0.00640593]
AAATCAGTACATAATTG	[0.00640593]
AAATCAGTACATGCCCT	[0.00640593]
AAATCAGTGAATCTTCT	[0.00640593]
AAATCCAAAAACCTGAA	[0.00640593]
AAATCCAAAAACTTTAC	[0.00640593]
AAATCCAAAACCCTTTA	[0.00640593]
AAATCCAAACACAGTTT	[0.00640593]
AAATCCAAACAGCTCGC	[0.00640593]
AAATCCAAACCTATAAA	[0.00640593]
AAATCCAAATACCTTAA	[0.00640593]
AAATCCAAATACGTTAA	[0.00640593]
AAATCCAACAACCTGAT	[0.00640593]
AAATCCAACAACCTGAT	[0.00640593]
AAATCCAACCATCGAGT	[0.00640593]
AAATCCAAGCATTATCC	[0.00640593]
AAATCCACATTCCTCGA	[0.00640593]
AAATCCACCCATATCTC	[0.00640593]
AAATCCACCCTCCCGTA	[0.00640593]
AAATCCAGACCTGGGAT	[0.00640593]
AAATCCAGATATAAACT	[0.00640593]
AAATCCAGATATCACAT	[0.00640593]
AAATCCATAAACGTATA	[0.00640593]
AAATCCATAAACTTTAC	[0.00640593]
AAATCCATAAATTCCTC	[0.00640593]
AAATCCATACAAATATC	[0.00640593]
AAATCCATACATTTTAA	[0.99997705]
AAATCCATACTCAACGA	[0.00640593]
AAATCCATAGACAGCAT	[0.00640593]
AAATCCATATACGCACA	[0.00640593]
AAATCCATATACTATAT	[0.00640593]
AAATCCATATATAGCAT	[0.00640593]
AAATCCATATCCTCATA	[0.00640593]
AAATCCATATTCCTGAC	[0.00640593]
AAATCCATCCAATTGGT	[0.00640593]
AAATCCATCCACACAAA	[0.00640593]
AAATCCATCCATCGGTA	[0.00640593]
AAATCCATCCATTACCT	[0.00640622]
AAATCCATCCATTTCAC	[0.04569006]
AAATCCATGCACTTTCT	[0.00640593]
AAATCCATGCCCACTTG	[0.00640593]
AAATCCATGCCCGTTAA	[0.00640593]
AAATCCATGCTCTCAAG	[0.00640593]
AAATCCATGTACGCGCA	[0.00640593]
AAATCCATGTCCCCTGG	[0.00640593]
AAATCCATGTCCCCTGG	[0.00640593]
AAATCCATTCATGTTAA	[0.00640593]
AAATCCCAACACCAAAA	[0.00640593]
AAATCCCATCATCGAAT	[0.00640593]
AAATCCGAACATAAAGC	[0.00640593]
AAATCCGAACCTCGGCC	[0.00640593]
AAATCCGCAAACATCAA	[0.00640593]
AAATCCGCGCGTGACCC	[0.00640593]
AAATCCGCTCACTCTAT	[0.00640593]
AAATCCGCTCATTCCTT	[0.00640593]
AAATCCGGAAATAATAT	[0.00640593]
AAATCCGGATATAAAAG	[0.00640593]
AAATCCGGATATTCCGT	[0.00640593]
AAATCCGGTCATCGGGC	[0.00640593]
AAATCCGTACAGGGACT	[0.00640593]
AAATCCGTACATTTATC	[0.00696097]
AAATCCGTACATTTATC	[0.00696097]
AAATCCGTACATTTTGA	[0.99997705]
AAATCCGTGCACCCCGT	[0.99997705]
AAATCCGTGCACCGCAT	[0.99997705]
AAATCCGTGCACCGCAT	[0.99997705]
AAATCCGTGCCTGAACC	[0.00640593]
AAATCCGTTCATACTGC	[0.00640593]
AAATCCGTTCCCATCGT	[0.00640593]
AAATCCTCACCTGGCTC	[0.00640593]
AAATCCTTACAAAGAGA	[0.00640593]
AAATCCTTACACTTCCA	[0.00640593]
AAATCCTTTCACTCCTT	[0.00640593]
AAATCGACACATTCGTC	[0.00640593]
AAATCGAGACATTTCGA	[0.00640593]
AAATCGATACAGTCCTC	[0.00640593]
AAATCGATACAGTCCTC	[0.00640593]
AAATCGATACATGACAC	[0.00640593]
AAATCGATGCACATGAT	[0.00640593]
AAATCGGCAGATCATCC	[0.00640593]
AAATCGTGGCATTGTCT	[0.00640593]
AAATCGTTGCATCGCTT	[0.00640593]
AAATCTATACACCCTTG	[0.00640593]
AAATCTATACATAGACT	[0.00640593]
AAATCTGGACAGCGCGG	[0.00640593]
AAATCTGTACCTCCCAT	[0.00640593]
AAATCTTTTCCTTGCAA	[0.00640593]
AAATGCAAAAACCTGGT	[0.00640593]
AAATGCAAAAACCTGGT	[0.00640593]
AAATGCATACATACAGA	[0.00640593]
AAATGCATACATACGAG	[0.00640593]
AAATGCATACCCCACCT	[0.00640593]
AAATTCAAACATCTTTG	[0.00640593]
AAATTCAAGGACACCGG	[0.00640593]
AAATTCACACATTTACA	[0.00640593]
AAATTCACACATTTCTT	[0.00640593]
AAATTCACGCATCTTTA	[0.00640593]
AAATTCAGACATTCTGC	[0.00640593]
AAATTCAGACATTCTGC	[0.00640593]
AAATTCAGACATTCTGC	[0.00640593]
AAATTCATACCCATCAT	[0.00640593]
AAATTCATACCCATCAT	[0.00640593]
AAATTCATATATTTTAC	[0.00640593]
AAATTCATGCACTTTAT	[0.00640593]
AAATTCATGCATCAACC	[0.00640593]
AAATTCATGCATCAACC	[0.00640593]
AAATTCATGGCCTTTTA	[0.00640593]
AAATTCCCACACTTCAC	[0.00640593]
AAATTCGGACTACGAAT	[0.00640593]
AACACCACAGACCTCAA	[0.00640593]
AACACCATACCTAACAA	[0.00640593]
AACACCATGCCTTACCA	[0.00640593]
AACACCGAACATCGCAC	[0.00640593]
AACAGCAAACACTCCGA	[0.00640593]
AACCCAGTACACTGCAG	[0.00640593]
AACCCAGTACACTGCAG	[0.00640593]
AACCCCAAAAACTTGAT	[0.00640593]
AACCCCATACAGTGTTT	[0.00640593]
AACCCCATACATACACT	[0.00640593]
AACCCCATACATCGCCA	[0.99997705]
AACCCCATGCATGCGAT	[0.00640593]
AACCCCCTACACCAGCA	[0.00640593]
AACCCCGCTCGTTGCAG	[0.00640593]
AACCCCGCTCGTTGCAG	[0.00640593]
AACCCCGGATATCGTCA	[0.00640593]
AACCCCTCACCTGGAAA	[0.00640593]
AACCCCTGACATTTCGG	[0.00640593]
AACCCCTTACATAATCT	[0.00640593]
AACCCCTTTCATATTCT	[0.00640593]
AACCCGGGACCTCCCGC	[0.00640593]
AACGCCATGCATTTCCC	[0.00640593]
AACGCCGTGCACGTGAC	[0.00640593]
AACTACAAACACCAAGC	[0.00640593]
AACTCCAAAAAATCCTA	[0.00640593]
AACTCCAAACAACTTAA	[0.00640593]
AACTCCAAACATAATAA	[0.00640593]
AACTCCAAGCATTATCC	[0.00640593]
AACTCCACACACGAAAG	[0.00640593]
AACTCCACATCCCTTAC	[0.00640593]
AACTCCATACATCTTAT	[0.00642023]
AACTCCATGCATGCTAC	[0.00640593]
AACTCCATGCATTATTA	[0.00640593]
AACTCCGAACACGACAT	[0.00640593]
AACTCCGCACGTTGCTT	[0.00640593]
AACTCCGTACACCCGGC	[0.00641481]
AACTCCGTACATGCCCG	[0.00640593]
AACTCCGTGCACCACAC	[0.50828356]
AACTCCGTTCACTATGA	[0.00640593]
AACTGCATACTCTTCTC	[0.00640593]
AAGAACACACACCAAAA	[0.00640593]
AAGACAGCGGATATTGT	[6.30586398e-07]
AAGACCAAACAGCCCAT	[0.00640593]
AAGACCAAACATGTCCA	[0.00640593]
AAGACCACACACCACGG	[0.00640593]
AAGACCACACACGAAAA	[0.00640593]
AAGACCATAAACTACCC	[0.00640593]
AAGACCATACGCTTCCT	[0.00640593]
AAGACCATGCATGATAC	[0.00640593]
AAGCACACAGACCCGAC	[0.00640593]
AAGCACATCCACCTCAT	[0.00640593]
AAGCCCAAACCCTTGAC	[0.00640593]
AAGCCCAAACTCCCGCT	[0.00640593]
AAGCCCAAGCCTCAAAC	[0.00640593]
AAGCCCAAGCCTCAAAC	[0.00640593]
AAGCCCAAGGATTTGGC	[0.00640593]
AAGCCCACACCTGCTCC	[0.00640593]
AAGCCCACCCACTACAA	[0.00640593]
AAGCCCACTCCCGTCTC	[0.00640593]
AAGCCCAGTCCTTTCAA	[0.00640593]
AAGCCCATAGGCTTCGT	[0.00640593]
AAGCCCATCCACGTAAC	[0.00640593]
AAGCCCATCCCCTGAAC	[0.00640593]
AAGCCCATGCTACTCAA	[0.00640593]
AAGCCCATTCCACCCAT	[0.00640593]
AAGCCCGTGCACCGCAA	[0.99997705]
AAGCCCTGGCCTCCCGG	[0.00640593]
AAGCCCTTACATACTTT	[0.00640593]
AAGCGCATATACTTAGT	[0.00640593]
AAGCTCACACATACGAT	[0.00640593]
AAGCTCATACAAACCAA	[0.00640593]
AAGCTCATAGACCTTTT	[0.00640593]
AAGCTCATCAACCCTAA	[0.00640593]
AAGCTCGCTGACCTTTC	[0.00640593]
AAGGCCAAACAACTCAT	[0.00640593]
AAGGCCATGCACATAAT	[0.00640593]
AAGGGCAGACACCACTG	[0.00640593]
AAGGGCATACATCAAGA	[0.00640593]
AAGGTCACACATCACAA	[0.00640593]
AAGTACAAACATTTAAC	[0.00640593]
AAGTACACAAACTCCAA	[0.00640593]
AAGTACAGGCCTCACAA	[0.00640593]
AAGTACATACCTCTGTT	[0.00640593]
AAGTACATACCTTTTTC	[0.00640593]
AAGTCCAAACAACTCAA	[0.00640593]
AAGTCCAAACATCATCG	[0.00640593]
AAGTCCAAATATCTGTA	[0.00640593]
AAGTCCAAGACCTTGTC	[0.00640593]
AAGTCCAAGTCTTCCCC	[0.00640593]
AAGTCCACAAACCCAAT	[0.00640593]
AAGTCCACAAACTCTTC	[0.00640593]
AAGTCCACACAAATCAA	[0.00640593]
AAGTCCACACAAATCAA	[0.00640593]
AAGTCCACACATAGACC	[0.00640593]
AAGTCCACACCTTTTTT	[0.00640593]
AAGTCCACGCAGTACCC	[0.00640593]
AAGTCCAGGCAGCTCAA	[0.00640593]
AAGTCCATAGCTTTTGC	[0.00640593]
AAGTCCATCCATCCAAA	[0.00640593]
AAGTCCATGCACGAAGC	[0.00640593]
AAGTCCCTGCCCATCAG	[0.00640593]
AAGTCCGAACACCAGGT	[0.00640593]
AAGTCCGTACACCGCAC	[0.99997705]
AAGTCCGTGAACGTCAT	[0.00640593]
AAGTCCGTGCACCCCCT	[0.00640597]
AAGTCCGTGCCTTTGGT	[0.00640593]
AAGTCGATACACTATAT	[0.00640593]
AAGTGCAAACATTACAA	[0.00640593]
AAGTGCACAAATCCTGC	[0.00640593]
AAGTGCAGACACCAACT	[0.00640593]
AAGTGCAGACACCAACT	[0.00640593]
AAGTTCAAACCTTTGTC	[0.00640593]
AAGTTCAAGCATTTCAT	[0.00640593]
AAGTTCAGACACCAACC	[0.00640593]
AAGTTCATAAACTCTTT	[0.00640593]
AATCCCAAACACGCCTT	[0.00640593]
AATCCCAGACGTCGCGT	[0.00640593]
AATCCCATACACGGACT	[0.00640593]
AATCCCGCACCTTGGAT	[0.00640593]
AATCCCTGACGTCATCT	[0.00640593]
AATCCTGCACAGTTCAT	[0.00640593]
AATCTCGTACACTCTGC	[0.00640593]
AATTACACGCACCCGAT	[0.00640593]
AATTCCAGACATTTAAC	[0.00640593]
AATTCCATAAACCTTAA	[0.00640593]
AATTCCATAGACTTGAT	[0.00640593]
AATTCCATGCACTATAT	[0.00640593]
AATTCCGTACATTTTAA	[0.00640593]
ACAAACATACACGTTCC	[0.00640593]
ACAAACATGCCTCTGGA	[0.00640593]
ACAACCAAAAACCTAAA	[0.00640593]
ACAACCAAACACAACTT	[0.00640593]
ACAACCAAACCCTGCTG	[0.00640593]
ACAACCAAACCCTGCTG	[0.00640593]
ACAACCAAAGCCTACGA	[0.00640593]
ACAACCAAGCATTATGC	[0.00640593]
ACAACCACGCAATAGAA	[0.00640593]
ACAACCACGCATAGATT	[0.00640593]
ACAACCAGACCTACTGC	[0.00640593]
ACAACCAGACCTATTGA	[0.00640593]
ACAACCATACATACAGG	[0.00640593]
ACAACCATCCCCCAGGT	[0.00640593]
ACAACCATGCATGTTCC	[0.00640593]
ACAACCGAACACAATAT	[0.00640593]
ACAACCGAACACCACCT	[0.00640594]
ACAACCGTTCATCAAGC	[0.00640593]
ACAACCTTACACAGTGG	[0.00640593]
ACAACCTTACATTACGC	[0.00640593]
ACAAGAGCATAACGGCT	[6.30586398e-07]
ACAAGCAAGCATTCCTT	[0.00640593]
ACAAGCACGCCCCTTGA	[0.00640593]
ACAAGCAGACACGTGGA	[0.00640593]
ACAAGCATACACCCAAG	[0.00640593]
ACAAGCATCCATCTGGC	[0.00640593]
ACAATAACACAACGTTT	[0.00640593]
ACAATCAAGCACTTTAC	[0.00640593]
ACAATCAAGCACTTTAC	[0.00640593]
ACACACACACACAACAT	[0.00640593]
ACACACACACACACAAA	[0.00640593]
ACACACACACACACAAA	[0.00640593]
ACACACACACACACAAA	[0.00640593]
ACACACACACACATAAA	[0.00640593]
ACACACACACACATATA	[0.00640593]
ACACACACACACATATA	[0.00640593]
ACACACACACACATATA	[0.00640593]
ACACACACACACATATA	[0.00640593]
ACACACACACACCTCAA	[0.00640593]
ACACACACACACGCATA	[0.00640593]
ACACACACACACGTCTA	[0.00640593]
ACACACACACAGACGGA	[0.00640593]
ACACACACAGACTTGCC	[0.00640593]
ACACACAGACACAAGCT	[0.00640593]
ACACACAGATACTCCTA	[0.00640593]
ACACACATACATACAAT	[0.00640593]
ACACACATACATACATT	[0.00640593]
ACACACATACATCTACA	[0.00640593]
ACACACATACATGCGCT	[0.00640593]
ACACACATACATTTCCA	[0.00640593]
ACACACATACCTTGTTT	[0.00640593]
ACACACATGCAACTTGT	[0.00640593]
ACACCAAAACACTTGAT	[0.00640593]
ACACCAACACCCCTGAC	[0.00640593]
ACACCAAGACAAAGACT	[0.00640593]
ACACCAATACATTGGAT	[0.00640593]
ACACCAATGCCTAAACT	[0.00640593]
ACACCACGACATCACCT	[0.00640593]
ACACCAGCACCCAAAGC	[0.00640593]
ACACCAGCACCCAAAGC	[0.00640593]
ACACCAGGAGAAAGAAG	[0.00640593]
ACACCAGTACCCGAAAT	[0.00640593]
ACACCAGTGCACCACAT	[0.00641809]
ACACCATTACATGCTCA	[0.00640593]
ACACCATTGCCTCTCCA	[0.00640593]
ACACCCAAAAACTTCAT	[0.00640593]
ACACCCAAACAACACAC	[0.99997705]
ACACCCAAACACCTCTT	[0.99997705]
ACACCCAAACACTGAAA	[0.99997705]
ACACCCAAACATATTAT	[0.99997705]
ACACCCAAACATCTGCA	[0.99997705]
ACACCCAAACATCTGCA	[0.99997705]
ACACCCAAACCTCCTTT	[0.99997705]
ACACCCAAAGACCAAAG	[0.00640593]
ACACCCAAATACCTAAC	[0.00640593]
ACACCCAAGCACACAAC	[0.9999764]
ACACCCAATCACCGCGC	[0.99997705]
ACACCCAATCATAGTTG	[0.00640593]
ACACCCAATCATCATGA	[0.99997705]
ACACCCAATCATTGCAC	[0.99997705]
ACACCCAATCATTGCAC	[0.99997705]
ACACCCAATCATTTTCC	[0.00640596]
ACACCCACAAGTCTGGA	[0.00640593]
ACACCCACACACACCAC	[0.99997705]
ACACCCACACACACCAC	[0.99997705]
ACACCCACACACCACAC	[0.99999995]
ACACCCACACACCACAC	[0.99999995]
ACACCCACACACCACAC	[0.99999995]
ACACCCACACACCACAC	[0.99999995]
ACACCCACACACCACAC	[0.99999995]
ACACCCACACACCACAC	[0.99999995]
ACACCCACACACCATGC	[0.99999995]
ACACCCACACATGCGCG	[0.99997695]
ACACCCACACCCACCCA	[0.99997705]
ACACCCACACCCCTCAT	[0.99997705]
ACACCCACACCCGCTCC	[0.99997705]
ACACCCACACCTGAAGT	[0.99997704]
ACACCCACAGCCCACAC	[0.00640594]
ACACCCACATACTCAAT	[0.00640593]
ACACCCACATACTCAAT	[0.00640593]
ACACCCACATCCCACAG	[0.00640647]
ACACCCACATCCCACAG	[0.00640647]
ACACCCACGCCCCGCAA	[0.99997705]
ACACCCACGCCTTTTAA	[0.99997703]
ACACCCACTCACCGCAT	[0.99997705]
ACACCCAGACACCTCAA	[0.99997705]
ACACCCAGACACGGTTG	[0.99997389]
ACACCCAGACATTACAT	[0.99997705]
ACACCCAGACCGCTGAG	[0.00640593]
ACACCCAGACCTCCCTG	[0.99997705]
ACACCCAGACCTGCAGG	[0.99997659]
ACACCCAGACCTGCAGG	[0.99997659]
ACACCCAGACGTTACAC	[0.99997705]
ACACCCAGCCGCCTCCA	[0.00640604]
ACACCCAGTAACCCTAT	[0.00640593]
ACACCCAGTCATCCGGC	[0.99997705]
ACACCCATAAATTATAC	[0.7847013]
ACACCCATACAAACCCA	[0.99997705]
ACACCCATACAACCAAG	[0.99997705]
ACACCCATACAACTCAA	[0.99997705]
ACACCCATACAATACAT	[0.99997705]
ACACCCATACACTACAC	[0.99999995]
ACACCCATACACTATTT	[0.99997705]
ACACCCATACACTATTT	[0.99997705]
ACACCCATACATATTTA	[0.99997705]
ACACCCATACATATTTA	[0.99997705]
ACACCCATACATCATGA	[0.99999994]
ACACCCATACATCATGA	[0.99999994]
ACACCCATACATCTAGA	[0.99997705]
ACACCCATACATGTTGA	[0.99997705]
ACACCCATACATTTATA	[0.99997705]
ACACCCATACCCTATAT	[0.99997705]
ACACCCATACCCTATAT	[0.99997705]
ACACCCATACCTCGTTT	[0.99997705]
ACACCCATATATTCTAT	[0.99997704]
ACACCCATATCGCTTGA	[0.00640593]
ACACCCATATGCATGAA	[0.00640593]
ACACCCATGACCATGGC	[0.00640593]
ACACCCATGCATAGTGA	[0.99997705]
ACACCCATGCATCATTC	[0.99997705]
ACACCCATGCATTTTGT	[0.99997705]
ACACCCATGCATTTTGT	[0.99997705]
ACACCCATGTACCGAAA	[0.00640593]
ACACCCATTACCCTTAT	[0.00640593]
ACACCCATTCACCGCAC	[0.99997705]
ACACCCATTCATAGCAC	[0.99997705]
ACACCCATTCATCACGT	[0.99997705]
ACACCCATTCATCACGT	[0.99997705]
ACACCCATTCTCCAGGT	[0.00640593]
ACACCCCTACAATTGGC	[0.00640593]
ACACCCGATCCTCTTTT	[0.00640593]
ACACCCGGCGATAGCTT	[0.00640593]
ACACCCGTAACTAGCTT	[0.00640593]
ACACCCGTAACTAGCTT	[0.00640593]
ACACCCGTACACCACAC	[0.99999995]
ACACCCGTACACCACCA	[0.99999995]
ACACCCGTACACCCTTA	[0.99997705]
ACACCCGTACATATTAA	[0.99997705]
ACACCCGTGCATTAAAG	[0.99997705]
ACACCCGTTCCTCTCAC	[0.99997705]
ACACCCTAACGTTTAAA	[0.00640593]
ACACCCTCACAGAACAT	[0.00640593]
ACACCCTCCCACACCGT	[0.00640593]
ACACCCTGACTTTTCAA	[0.00640593]
ACACCCTTACCAATCAG	[0.00640593]
ACACCCTTACCCATCCA	[0.00640653]
ACACCCTTATATTGAAG	[0.00640593]
ACACCCTTCCCCGAAAT	[0.00640593]
ACACCCTTCCCCGAAAT	[0.00640593]
ACACCCTTGCACCCATA	[0.00640787]
ACACCCTTGCCCCTTAA	[0.00647196]
ACACCCTTTCTTCTCCT	[0.00640593]
ACACCGAGACCTCCGTT	[0.00640593]
ACACCGAGCCATAGCCG	[0.00640593]
ACACCGATCCATCCCAT	[0.00640593]
ACACCGATGCACATTAC	[0.00640593]
ACACCGATGCACATTAC	[0.00640593]
ACACCGGCTCCTTGACT	[0.00640593]
ACACCGGTATCTCGCCC	[0.00640593]
ACACCGTGACATACTAC	[0.00640593]
ACACCGTGTCCTATCCT	[0.00640593]
ACACCGTTATATCGCAA	[0.00640593]
ACACCGTTGCCTACAGT	[0.00640593]
ACACCTGTACATCTTCA	[0.99997616]
ACACCTGTACCTCCAAA	[0.9990546]
ACACCTGTGCACCGCAT	[0.99997123]
ACACCTGTGCACCGCAT	[0.99997123]
ACACCTTCACCAGGCGC	[0.00640593]
ACACCTTTACACCTGAT	[0.00640593]
ACACGCACACACCCAAC	[0.00640593]
ACACGCACACACCTATC	[0.00640593]
ACACGCACACACGCACT	[0.00640593]
ACACGCACACATTCACA	[0.00640593]
ACACGCACGCACATATA	[0.00640593]
ACACGCACGCACATGGT	[0.00640593]
ACACGCACGCAGCCGCA	[0.00640593]
ACACGCATACACGTATA	[0.00640593]
ACACGCATATCCCAGTT	[0.00640593]
ACACGCATGCATTTTTT	[0.00640593]
ACACGCGTACCTGAAAA	[0.00640593]
ACACTCAATCACGTGGG	[0.00640593]
ACACTCACACACTTTAT	[0.00640593]
ACACTCAGGCATTCTAC	[0.00640593]
ACACTCAGGTACCTGAA	[0.00640593]
ACACTCATAAAATCCTA	[0.00640593]
ACACTCATACAACACCT	[0.00640593]
ACACTCATACATCCGCT	[0.01586218]
ACACTCATAGTCCTCGT	[0.00640593]
ACACTCATGCCTTCCAC	[0.00641281]
ACACTCGTACACTCGCT	[0.00640593]
ACACTCTTTCATCGTAA	[0.00640593]
ACACTGATAAACCCCAC	[0.00640593]
ACACTGATACCCCTTTC	[0.00640593]
ACAGACAAACACTCTAA	[0.00640593]
ACAGACATGGACTCGTT	[0.00640587]
ACAGCCAAACAATTCAT	[0.00640593]
ACAGCCAAACATGACGA	[0.00640593]
ACAGCCAAAGACCCAAC	[0.00640593]
ACAGCCACATCCTCTAA	[0.00640593]
ACAGCCACGCAACACAA	[0.00640593]
ACAGCCATACAACATAA	[0.00640593]
ACAGCCATACACTTTAC	[0.999977]
ACAGCCATTCAACTCAG	[0.00640593]
ACAGCCGTACATCCGGC	[0.99997705]
ACAGCCTGACCTGGAGC	[0.00640593]
ACAGGCGTGCACCGCGT	[0.00640593]
ACATACAAAAACCCGTC	[0.00640593]
ACATACAAACACCTAAT	[0.00640593]
ACATACAAGCATCGCTA	[0.00640593]
ACATACAAGCATTTAAT	[0.00640593]
ACATACAAGTACCAGGA	[0.00640593]
ACATACACACATTTCCA	[0.00640593]
ACATACAGGCATTCCTC	[0.00640593]
ACATACATAAATCTAAA	[0.00640593]
ACATACATACATAGACG	[0.00640593]
ACATACATACATATACA	[0.00640593]
ACATACATACATATATA	[0.00640593]
ACATACATACATATATT	[0.00640593]
ACATACATACCTTCTAC	[0.00640593]
ACATACATATATCCTAT	[0.00640593]
ACATACGAACACCAGAA	[0.00640593]
ACATACGAACACCAGAA	[0.00640593]
ACATCAAAACATAACAT	[0.00640593]
ACATCAAAACATTCCCA	[0.00640593]
ACATCAAAGCATTCCAT	[0.00640593]
ACATCAACACACTTGCT	[0.00640593]
ACATCAACACACTTGCT	[0.00640593]
ACATCAACACCTCAGTT	[0.00640593]
ACATCAAGACATATACG	[0.00640593]
ACATCAAGGCCTTGAGA	[0.00640593]
ACATCAATACCTCTGTC	[0.00640593]
ACATCAATACCTCTGTC	[0.00640593]
ACATCATTACCTCAACG	[0.00640593]
ACATCCAAAAATTTGAC	[0.00640593]
ACATCCAAACATCAAAT	[0.99997705]
ACATCCAAACTACTCCA	[0.00640593]
ACATCCAAGCGCAGCAA	[0.00640593]
ACATCCACACCTATTGG	[0.00640593]
ACATCCACACTCTCTTC	[0.00640593]
ACATCCACAGCTCCGAT	[0.00640593]
ACATCCACATACGCCCC	[0.00640593]
ACATCCACCCACCCGTC	[0.00640593]
ACATCCACGCATGAAGA	[0.00640806]
ACATCCACGCATGAAGA	[0.00640806]
ACATCCACTCATCCGAA	[0.01624272]
ACATCCAGAAACTGAAC	[0.00640593]
ACATCCAGAAATTTCCA	[0.00640593]
ACATCCAGACATCCTAA	[0.99997705]
ACATCCAGACCTACGAG	[0.00640712]
ACATCCAGATATAGAAG	[0.00640593]
ACATCCAGCGACCTCTT	[0.00640593]
ACATCCAGGCAGTTTAG	[0.00640593]
ACATCCATAAGCTTATC	[0.00640593]
ACATCCATACACCATAC	[0.99999127]
ACATCCATACACCATAC	[0.99999127]
ACATCCATACACCCTCT	[0.99997705]
ACATCCATACACCCTCT	[0.99997705]
ACATCCATACATACGCC	[0.99997705]
ACATCCATACATACGCC	[0.99997705]
ACATCCATACCATCTAT	[0.00644598]
ACATCCATACCGTGTGT	[0.00640593]
ACATCCATACCGTGTGT	[0.00640593]
ACATCCATACTTTAAAA	[0.99997683]
ACATCCATATGCCTCTA	[0.00640593]
ACATCCATCCAATCGTC	[0.00640593]
ACATCCATGCACACGCT	[0.00681374]
ACATCCATGCATCATCT	[0.99997705]
ACATCCATGCCATTAGA	[0.00640593]
ACATCCATTCCTCCAAT	[0.34760589]
ACATCCATTCCTTGAAT	[0.00640593]
ACATCCCAGCCTCTCAT	[0.00640593]
ACATCCCCGCAACAAAC	[0.00640593]
ACATCCGAACATCGGTC	[0.99997652]
ACATCCGAACATTTCCA	[0.99997705]
ACATCCGAACATTTTAG	[0.99997633]
ACATCCGCACATTTTAT	[0.99997705]
ACATCCGGCCATCGCGC	[0.99997705]
ACATCCGGGCATGCTCT	[0.00640595]
ACATCCGGTCACACAAC	[0.00640593]
ACATCCGTACACAAAAG	[0.99997705]
ACATCCGTACACAAAAG	[0.99997705]
ACATCCGTACACATGTG	[0.00640596]
ACATCCGTACACCTCAC	[0.99999975]
ACATCCGTACACTTTTG	[0.99997705]
ACATCCGTACATATAAA	[0.99997705]
ACATCCGTACATATAAA	[0.99997705]
ACATCCGTACATATGTA	[0.99984912]
ACATCCGTACATATTGA	[0.99997705]
ACATCCGTACATATTGT	[0.99997705]
ACATCCGTACATCCGTA	[0.99997705]
ACATCCGTACATCCGTA	[0.99997705]
ACATCCGTACATTACGC	[0.99997705]
ACATCCGTACATTACTA	[0.99997705]
ACATCCGTACATTCTAT	[0.99997705]
ACATCCGTACCCTACAC	[0.99997705]
ACATCCGTACCTGTTAT	[0.99997705]
ACATCCGTATACTGCGA	[0.00641004]
ACATCCGTATACTGCGA	[0.00641004]
ACATCCGTGCACCATTT	[0.99997705]
ACATCCGTGCATACTCT	[0.99997234]
ACATCCGTGCTCACCAC	[0.00640698]
ACATCCGTGCTTCGACA	[0.00640593]
ACATCCGTGCTTCGACA	[0.00640593]
ACATCCTCACACCACTA	[0.43763756]
ACATCCTGACAAAAAAA	[0.00640593]
ACATCCTGACAAGTCTC	[0.00640593]
ACATCCTGACGAAGTCG	[0.00640593]
ACATCCTTACATCTAAA	[0.99997686]
ACATCCTTACATCTTCG	[0.00641336]
ACATCCTTCCATGCCCT	[0.00640593]
ACATCCTTCCATGGTCG	[0.00640593]
ACATCCTTGCGTTGTTT	[0.00640593]
ACATCGATGCCTTCACC	[0.00640593]
ACATCGGTGCATAGAAT	[0.00640593]
ACATCGTCACAATTCAT	[0.00640593]
ACATCGTCACAATTCAT	[0.00640593]
ACATCGTTACATTGTAT	[0.00640593]
ACATCGTTACATTGTAT	[0.00640593]
ACATCTACACACTATTT	[0.00640593]
ACATCTATACACGTAGT	[0.00640593]
ACATCTATACACGTAGT	[0.00640593]
ACATCTATACATGTGTA	[0.00640593]
ACATCTATGCACTCCCT	[0.00640593]
ACATGCAAATACTCTGA	[0.00640593]
ACATGCACACACGCATT	[0.00640593]
ACATGCACACCTCTCCC	[0.00640593]
ACATGCACGCCTTGCAA	[0.00640593]
ACATGCAGGCATTCTCA	[0.00640593]
ACATGCATACTCCTCAA	[0.00640593]
ACATGCATGCATATCAA	[0.00640593]
ACATGCGTACACAAAAA	[0.00640593]
ACATGCGTACACAAAAA	[0.00640593]
ACATGCGTGCAGCTCAG	[0.00640593]
ACATGCGTTCATTGAGT	[0.00640593]
ACATGCTGGCATCGAAG	[0.00640593]
ACATTCAAACCCTCGAA	[0.00640593]
ACATTCAAACCGCTTAA	[0.00640593]
ACATTCAAACCTTTGGC	[0.00640593]
ACATTCAAACCTTTGGC	[0.00640593]
ACATTCACACAGCACCC	[0.00640593]
ACATTCACATATTTCTC	[0.00640593]
ACATTCACCCATTTCTC	[0.00640593]
ACATTCACCCATTTCTC	[0.00640593]
ACATTCACCCATTTCTC	[0.00640593]
ACATTCAGGCATTTTTC	[0.00640593]
ACATTCATAAACACAGA	[0.00640593]
ACATTCATACACGATAG	[0.00640593]
ACATTCATATACTCTAA	[0.00640593]
ACATTCATGAACTCATC	[0.00640593]
ACATTCTTACACCATAC	[0.00640593]
ACCAACAAGCACACCGA	[0.00640593]
ACCACCAAAAACCTCTT	[0.00640593]
ACCACCATACCTCTAAG	[0.00640593]
ACCACCATATACCTTCC	[0.00640593]
ACCACCATATACCTTCC	[0.00640593]
ACCACCATCCATCTCTC	[0.00640593]
ACCACCATGACCGTCAA	[0.00640593]
ACCAGCAAACACCCACA	[0.00640593]
ACCAGCATACTCTCCAT	[0.00640593]
ACCATCATACCCCCATA	[0.00640593]
ACCCACACACACCACAT	[0.00640593]
ACCCACATATATCTCAA	[0.00640593]
ACCCACATGCAACTCAG	[0.00640593]
ACCCACATGCAACTCAG	[0.00640593]
ACCCCAGGACGCTTTAT	[0.00640593]
ACCCCCAACCCCCCCAT	[0.00640593]
ACCCCCACACATAGGGT	[0.00640593]
ACCCCCACTCACTAAAC	[0.00640593]
ACCCCCAGGCATTCTCG	[0.00640593]
ACCCCCATACATCCAGA	[0.99997705]
ACCCCCATCCACAGCAG	[0.00640593]
ACCCCCATTCACTTCAT	[0.00640757]
ACCCCCGCACCTACAAT	[0.00640593]
ACCCCCGCGCACAAACT	[0.00640593]
ACCCCCGTATATAAAAC	[0.00640593]
ACCCTCACAGATTTCGA	[0.00640593]
ACCCTCATAAACTTCCT	[0.00640593]
ACCCTCATATATCTCAA	[0.00640593]
ACCGCCACACATACCGT	[0.00640593]
ACCTACAAACATCTAGC	[0.00640593]
ACCTACAGGCAGTCCGA	[0.00640593]
ACCTACCTGCCCTTGTA	[0.00605523]
ACCTCAATACACCTGAC	[0.00640593]
ACCTCCAACCCTCCTGA	[0.00640593]
ACCTCCACACCTGGTAT	[0.00640593]
ACCTCCAGACTCTTCCA	[0.00640593]
ACCTCCAGATCCTTCTT	[0.00640593]
ACCTCCAGATCCTTCTT	[0.00640593]
ACCTCCATACAGGAAAA	[0.00640593]
ACCTCCATGTACAACTT	[0.00640593]
ACCTCCATTCGCCACGA	[0.00640593]
ACCTCCCAACACTACTT	[0.00640593]
ACCTCCGAACACTAGAG	[0.00640593]
ACCTCCGGCCACAACAT	[0.00640593]
ACCTCCGTACACCTTCT	[0.95336695]
ACCTCCGTGCATCCTGT	[0.67347857]
ACCTGCAAACAGCAGAA	[0.00640593]
ACCTGCAAACCTTAGAA	[0.00640593]
ACCTGCACAAACGTTAA	[0.00640593]
ACCTGCACACATTTTGG	[0.00640593]
ACCTGCATACAATACGG	[0.00640593]
ACCTGCATGCACGTCAT	[0.00640593]
ACCTGCGAACACGTGGA	[0.00640593]
ACCTTCATACACTCCAT	[0.00640593]
ACCTTCATACAGTTGTT	[0.00640593]
ACCTTCATCCAACTCAT	[0.00640593]
ACCTTCATGCACTATAC	[0.00640593]
ACGACCAAAAACGTTAC	[0.00640593]
ACGACCATACATATCAC	[0.00640593]
ACGACCATACCAGTGGA	[0.00640593]
ACGAGCACACACGACAC	[0.00640593]
ACGAGCACACACGTGAT	[0.00640593]
ACGATCAAACACCCTAT	[0.00640593]
ACGATCATACATTCTGT	[0.00640593]
ACGCACATACCCACAAT	[0.00640593]
ACGCCAAAACACTCCGA	[0.00640593]
ACGCCAATAAACTTCAT	[0.00640593]
ACGCCCAAACACACGTA	[0.00640593]
ACGCCCACAAACCGGTA	[0.00640593]
ACGCCCACGCACCCCAC	[0.99997705]
ACGCCCAGGCGCTCTTA	[0.00640593]
ACGCCCAGGCGCTCTTA	[0.00640593]
ACGCCCATAAATCGTCT	[0.00640593]
ACGCCCATACAGAGCAA	[0.00640768]
ACGCCCATACGTATTTC	[0.00640593]
ACGCCCATGCATACTTC	[0.00814193]
ACGCCCATGTATCTGTT	[0.00640593]
ACGCCCATTCATTTTTT	[0.00640593]
ACGCCCATTCCCATTCC	[0.00640593]
ACGCCCATTCCTGCCAA	[0.00640595]
ACGCCCATTCCTGCCAA	[0.00640595]
ACGCCCGAACACTCCTA	[0.99997702]
ACGCCCGGGCCTTTCTC	[0.00640593]
ACGCCCGGGCCTTTCTC	[0.00640593]
ACGCCCGTGCCCCGCGA	[0.99997705]
ACGCCCTGACCTATCTC	[0.00640593]
ACGCCCTGCCATACCAG	[0.00640593]
ACGCCCTTTCCCCTCAA	[0.00640593]
ACGCCGAAACCCCCTCC	[0.00640593]
ACGCTCAAGCATCACAA	[0.00640593]
ACGCTCAGACATCTACA	[0.00640593]
ACGCTCATACTCTTTAT	[0.00640593]
ACGCTCATGCCTCAAAA	[0.00640593]
ACGCTCATGTACTTCTT	[0.00640593]
ACGCTGGAACACCAGAT	[0.00640593]
ACGGCCACACAGTCAAT	[0.00640593]
ACGGCCATGCAATTGGC	[0.00640593]
ACGGTCACGCATCCGCA	[0.00640593]
ACGGTCACGCATCCGCA	[0.00640593]
ACGTACACGCATCAGAA	[0.00640593]
ACGTACATAGACCCTTG	[0.00640593]
ACGTACATATACATCAA	[0.00640593]
ACGTATATACATTCCAA	[0.00640593]
ACGTCAACAAACCTGGC	[0.00640593]
ACGTCAATAAACTCCAA	[0.00640593]
ACGTCAGTACCCCTCCA	[0.00640593]
ACGTCCACTCCTTTCAC	[0.00640593]
ACGTCCAGCCACCCATT	[0.00640593]
ACGTCCAGGTACTCAGT	[0.00640593]
ACGTCCATAAACCGTAA	[0.00640593]
ACGTCCATACAATTGAG	[0.00640593]
ACGTCCATACTGCTTAG	[0.00640593]
ACGTCCATACTGCTTAG	[0.00640593]
ACGTCCATGCAGAACCA	[0.00640593]
ACGTCCATGCGCATTCT	[0.00640593]
ACGTCCATGGATTTCAT	[0.00640593]
ACGTCCGAGCTCTTCAT	[0.00640593]
ACGTCCGCAAACTCAAC	[0.00640593]
ACGTCCGTACCATAGGT	[0.00640593]
ACGTCCGTGCCCCAGCC	[0.00640593]
ACGTCGACGCACGCGAT	[0.00640593]
ACGTCTAGGCAACTCAA	[0.00640593]
ACGTGCACAACCTCTGG	[0.00640593]
ACGTGCACCCACCCCAA	[0.00640593]
ACGTTCAAACACATCCT	[0.00640593]
ACGTTCAAACATTTTAT	[0.00640593]
ACGTTCAAAGCCACCAG	[0.00640593]
ACGTTCACACATTCTAG	[0.00640593]
ACGTTCACGCCTATCAC	[0.00640593]
ACGTTCATAAAACACAT	[0.00640593]
ACGTTCATACAACACAT	[0.00640593]
ACGTTCATACAACACAT	[0.00640593]
ACGTTCATACACATGCT	[0.00640593]
ACGTTCATACACCCAAT	[0.00640593]
ACGTTCATGCCCCAGCG	[0.00640593]
ACGTTCATTCACACTTG	[0.00640593]
ACTCCAAGACATGGAGA	[0.00640593]
ACTCCAGTACCTAGCAC	[0.00640593]
ACTCCCAAACACACACA	[0.00640593]
ACTCCCAGTCCCCCGAA	[0.00640593]
ACTCCCATAAATTCGAT	[0.00640593]
ACTCCCATATACACCAT	[0.00640593]
ACTCCCGGGCATTATTT	[0.00640593]
ACTCCCTGTCACCGAAA	[0.00640593]
ACTCCCTTACCCGACGG	[0.00640593]
ACTCGCAGACCCCCCAA	[0.00640593]
ACTGATGCGTAACTTGT	[6.30586398e-07]
ACTGCCATACACAATGT	[0.00640593]
ACTTACACGCACCTCTT	[0.00640593]
ACTTCCAAACAACTGGT	[0.00640593]
ACTTCCAAATCCTTCAC	[0.00640593]
ACTTCCACAAACGTCAC	[0.00640593]
ACTTCCACATACTTGGA	[0.00640593]
ACTTCCACGGATCCCAA	[0.00640593]
ACTTCCAGACATTTTAG	[0.00640593]
ACTTCCATACCCTGCTG	[0.00640593]
ACTTCCATAGACATTGA	[0.00640593]
ACTTCCATATACCTAAA	[0.00640593]
ACTTCCATGAATCTTGC	[0.00640593]
ACTTCCCTGCACCTGTT	[0.00640593]
ACTTCCGGACATTTCCT	[0.00640593]
ACTTCCTCACCTCTCCT	[0.00640593]
ACTTGCATACACGTAAC	[0.00640593]
ACTTGTGCACTTCTTTT	[6.30586398e-07]
AGAACCACACATTTTGC	[0.00640593]
AGAACCAGAAACCAGAA	[0.00640593]
AGAACCATACAGTTTGT	[0.00640593]
AGAACCATACAGTTTGT	[0.00640593]
AGAACCATCAATTCCAA	[0.00640593]
AGAACCATGAACTTTAG	[0.00640593]
AGACACACACACACAGT	[0.00640593]
AGACACATCAACTCCTC	[0.00640593]
AGACACATGCACATCCT	[0.00640593]
AGACACGAGCACCTTGA	[0.00640593]
AGACACGAGCACCTTGA	[0.00640593]
AGACCAACACATCGTAA	[0.00640593]
AGACCAATGCACCTTTA	[0.00640593]
AGACCCAAAACTTCAGC	[0.00640593]
AGACCCAAACATTTTTA	[0.00640606]
AGACCCAAACCTCTTCC	[0.01039731]
AGACCCAAGCACTTTCG	[0.00640593]
AGACCCACACACCCTCG	[0.99997705]
AGACCCACACACCCTCG	[0.99997705]
AGACCCACACACCGCAT	[0.99997705]
AGACCCAGACCCGTTTC	[0.00640593]
AGACCCAGATACCACCC	[0.00640593]
AGACCCAGCCCTCCGAC	[0.00640593]
AGACCCATACAGCGCAT	[0.99997705]
AGACCCATACATATCTA	[0.99997705]
AGACCCATACATCACAA	[0.99997705]
AGACCCATACATCTATT	[0.99997705]
AGACCCATAGATACATA	[0.00640593]
AGACCCATATCTTCGTC	[0.00640593]
AGACCCATCCCTTTGTC	[0.00640593]
AGACCCATTCACCAACG	[0.00640593]
AGACCCATTCACCAACG	[0.00640593]
AGACCCATTCACCAACG	[0.00640593]
AGACCCATTCACCCACG	[0.00640593]
AGACCCATTCACCCACG	[0.00640593]
AGACCCATTCACCCACG	[0.00640593]
AGACCCATTCACCCACG	[0.00640593]
AGACCCATTCACCCACG	[0.00640593]
AGACCCGCACACCATCG	[0.99997704]
AGACCCGGTCGTTTCAG	[0.00640593]
AGACCCGTCCCTAGAGT	[0.00640593]
AGACCCGTTCACATCTT	[0.00640593]
AGACCCGTTCAGTGTGT	[0.00640593]
AGACCCTCACGTCGCGA	[0.00640593]
AGACCCTTACATCAGCA	[0.00641298]
AGACCCTTACATGCTTG	[0.00640593]
AGACCCTTGCAGCACGT	[0.00640593]
AGACCTTTACATCAAAT	[0.00640593]
AGACGCAAACATCTAAT	[0.00640593]
AGACGCAAAGACCTTGC	[0.00640593]
AGACGCATACCCAACAG	[0.00640593]
AGACGCATACCCTAAAT	[0.00640593]
AGACGCATTAACCTGAC	[0.00640593]
AGACTCAAAGACCACAA	[0.00640593]
AGACTCAGACACCTAAG	[0.00640593]
AGAGCCAAACATTTCAC	[0.00640593]
AGAGCCAAACCCTCACA	[0.00640593]
AGAGCCAAGCATTACCA	[0.00640593]
AGAGCCAAGCCTTTCTA	[0.00640593]
AGAGCCAAGCTCTTGGA	[0.00640593]
AGAGTCATAGACTTCTT	[0.00640593]
AGATACAACCACCCAAA	[0.00640593]
AGATACATACCTCCATT	[0.00640593]
AGATACATGCATCTAGA	[0.00640593]
AGATACATTCACATCCA	[0.00640593]
AGATCCAAACATCTCAT	[0.99997705]
AGATCCAAACATTGTAG	[0.00640593]
AGATCCAAACCTGTCCT	[0.00640593]
AGATCCAAAGATCCCAT	[0.00640593]
AGATCCAAGAACCTAGA	[0.00640593]
AGATCCACACACATACA	[0.00640593]
AGATCCACAGACTTTCT	[0.00640593]
AGATCCAGAACCCACCA	[0.00640593]
AGATCCAGACACTCCTT	[0.99988442]
AGATCCAGACATGATTT	[0.00640593]
AGATCCAGACCCCGCTG	[0.00640593]
AGATCCAGGCACCAGGA	[0.00640756]
AGATCCATGCAAGAGGC	[0.00640593]
AGATCCGGACATGTAAC	[0.00640593]
AGATCCGGCCATCGTCA	[0.00640593]
AGATCCGTACATCAGAT	[0.99997705]
AGATCCGTTCAGAGTAT	[0.00640593]
AGATCCGTTCCTCGAAG	[0.00640593]
AGATCCTAACCTCGCAT	[0.00640593]
AGATCCTGGCATCCTAT	[0.00640593]
AGATCCTTACATTACAC	[0.99995717]
AGATCCTTACATTACAC	[0.99995717]
AGATGCAAGCACTTCGA	[0.00640593]
AGATTCAAAACCTTGTT	[6.30586425e-07]
AGATTCAAAACCTTGTT	[6.30586425e-07]
AGATTCAAACATTACCA	[0.00640593]
AGATTCAAAGACTAGAT	[0.00640593]
AGATTCAAGCATGCCAA	[0.00640593]
AGATTCAAGCCCTCTAC	[0.00640593]
AGATTCACACCCTCTTG	[0.00640593]
AGATTCACGCCCGTGGT	[0.00640593]
AGATTCATACACTGATC	[0.00640593]
AGATTCATACTCTTATA	[0.00640593]
AGCAGCAGACACTCCTT	[0.00640593]
AGCAGCAGACACTCCTT	[0.00640593]
AGCCACAAACACTTTTA	[0.00640593]
AGCCACATACCCACAAT	[0.00640593]
AGCCACGTAAACCTCAC	[0.00640593]
AGCCCCAAAACCTCGTT	[0.00640593]
AGCCCCAAACCTGTTGC	[0.00640593]
AGCCCCATGTATTTGAA	[0.00640593]
AGCCCCGGTCCTATTAT	[0.00640593]
AGCCCCTTGCCCCACGC	[0.00640593]
AGCTCCAAACAAATCAA	[0.00640593]
AGCTCCAAACCCTTTAA	[0.00640593]
AGCTCCATACCGATCAT	[0.00640593]
AGCTCCATACTCTCCAA	[0.00640593]
AGCTCCATATCCCTTAA	[0.00640593]
AGCTCCATGCACCAGCT	[0.00640593]
AGCTCCATTCAATCAGA	[0.00640593]
AGCTCCATTCACCAAGG	[0.00640593]
AGCTCCGGAAATCGCAT	[0.00640593]
AGCTGCAGACATCTTGT	[0.00640593]
AGCTGCATACGCTACTA	[0.00640593]
AGCTTAATGCCCTCGCA	[6.30586398e-07]
AGCTTCAAACACTTCTT	[0.00640593]
AGCTTCAAGCACCTCTC	[0.00640593]
AGCTTCATACATCCAAT	[0.00640593]
AGCTTCATTCTCTTCGC	[0.00640593]
AGCTTCATTCTCTTCGC	[0.00640593]
AGGAACAAACACATCAA	[0.00640593]
AGGAACATACCCCTTGT	[0.00640593]
AGGAACATACCCCTTGT	[0.00640593]
AGGACCAAACCCCTCAG	[0.00640593]
AGGACCACAAACTTCGT	[0.00640593]
AGGACCATACAATTCCA	[0.00640593]
AGGACCATACAATTCCA	[0.00640593]
AGGCACAAGCAACTGGC	[0.00640593]
AGGCACATAAATTCCAT	[0.00640593]
AGGCACATACCCATTTC	[0.00640593]
AGGCACATACCCATTTC	[0.00640593]
AGGCACATGCACTAGAG	[0.00640593]
AGGCCCAACCATCTCTG	[0.00640593]
AGGCCCAATCACCTAGT	[0.00640593]
AGGCCCATGAACTATCC	[0.00640593]
AGGCCCATGCATTTTAT	[0.00640593]
AGGCCCGGACACTATAC	[0.99414418]
AGGCCCTTACAGAGCAG	[0.00640593]
AGGCCGATACAATCGAT	[0.00640593]
AGGCGCACGCACCTTAA	[0.00640593]
AGGCGCAGACAATCCGT	[0.00640593]
AGGCGCATACGCTACAA	[0.00640593]
AGGCTAATGCCCCTCTA	[0.00640593]
AGGCTCATACCCACATT	[0.00640593]
AGGCTCATATACTTTAT	[0.00640593]
AGGCTCATCAACTTCAA	[0.00640593]
AGGGCCATACCTATGGG	[0.00640593]
AGGGCCATATCCTCGAG	[0.00640593]
AGGGCCATATCCTCGAG	[0.00640593]
AGGGCCATCAACTTGTC	[6.30997465e-07]
AGGGCCATGCAGTTGAG	[0.00640593]
AGGGCCTAACACCTGAT	[0.00640593]
AGGTCAATACTCTCCTA	[0.00640593]
AGGTCCAAACACCGTCT	[0.00640593]
AGGTCCAGACACTTTTT	[0.00640593]
AGGTCCAGACATCCTCA	[0.00640593]
AGGTCCAGATACCTGTT	[0.00640593]
AGGTCCAGGCCCGCTAT	[0.00640593]
AGGTCCAGGCTCCCGTT	[0.00640593]
AGGTCCATAAATCTCCG	[0.00640593]
AGGTCCATACCCAATAA	[0.00640593]
AGGTCCATAGACTTCGA	[0.00640593]
AGGTCCATCCCCATTAT	[0.00640593]
AGGTGCAATCACACTTA	[0.00640593]
AGGTGCATTCACCACAC	[0.00640593]
AGGTTCAGGAACCTGAA	[0.00640593]
AGGTTCATACTCTCAAA	[0.00640593]
AGTACCACGCACCACGA	[0.00640593]
AGTCCCAAACATCAGGG	[0.00640593]
AGTCCCACGCCCCCTCT	[0.00640593]
AGTCCCGTACACATTAC	[0.00640593]
AGTCCCGTTCATAATCT	[0.00640593]
AGTTCCATAAACCTTTC	[0.00640593]
AGTTCCATAAATCTGAA	[0.00640593]
AGTTCCGCACCACTGAC	[0.00640593]
ATAAAGGCGCAACTTCG	[6.30586398e-07]
ATAACCACACACCTGGT	[0.00640593]
ATAACCACACACCTGGT	[0.00640593]
ATAACCATACATCATCC	[0.00640593]
ATAACCATGCATATCAC	[0.00640593]
ATAATCATGCACTTATA	[0.00640593]
ATACACAAACATCCCCC	[0.00640593]
ATACACATACACCCCTC	[0.00640593]
ATACACATACCCCTGAT	[0.00640593]
ATACACGTACATATTTT	[0.00640593]
ATACCCACACACGCAGT	[0.00640593]
ATACCCATACAAAGAAT	[0.00640593]
ATACCCATACACTGGGG	[0.00652946]
ATACCCATACCCCCTGT	[0.99997705]
ATACCCATACCCCCTGT	[0.99997705]
ATACCCATACCGTACTG	[0.00640593]
ATACCCATGCCTTCATC	[0.00640593]
ATACCCATGCCTTCATC	[0.00640593]
ATACCCATGCCTTCATC	[0.00640593]
ATACCCATGCCTTCATC	[0.00640593]
ATACCCATGGACCTGCG	[0.00640593]
ATACCCGTACACATCAA	[0.99997705]
ATACCCGTACGCAGTAC	[0.00640593]
ATACCCTTACCTGATTT	[0.00640593]
ATACCGACGCACTTGGC	[0.00640593]
ATACCGACGCACTTGGC	[0.00640593]
ATACGCATAAACTCCTA	[0.00640593]
ATACGCATACAAATCAA	[0.00640593]
ATACGCATACACCGCTT	[0.00640593]
ATACGCATACACGGGAT	[0.00640593]
ATACTCAAACATCTGCA	[0.00640593]
ATAGGCAGACACTCGGA	[0.00640593]
ATATACAAACACCCGGT	[0.00640593]
ATATACAAACACTAGGA	[0.00640593]
ATATACACACAGCCCAA	[0.00640593]
ATATACACATACTCCAA	[0.00640593]
ATATACATATCCTCCAA	[0.00640593]
ATATCAATACACCTGTC	[0.00640593]
ATATCAGCGCATCTTGC	[0.00640593]
ATATCCAAACACTACTT	[0.00640593]
ATATCCAAGAACACGTC	[0.00640593]
ATATCCAATCACCGCAC	[0.00640593]
ATATCCAATCACCGCAC	[0.00640593]
ATATCCAGGCATTGAAT	[0.00640593]
ATATCCATAAACTTTCA	[0.00640593]
ATATCCATACAATAGAA	[0.00640593]
ATATCCATACACACTAA	[0.01944202]
ATATCCATACACTTCCA	[0.99997427]
ATATCCATACACTTCCA	[0.99997427]
ATATCCATAGATTTGGT	[0.00640593]
ATATCCATCCATTAGAG	[0.00640593]
ATATCCATCTACTACCA	[0.00640593]
ATATCCATTCATATCAT	[0.00640593]
ATATCCGCGAACCCCAA	[0.00640593]
ATATCCGCGCAATTTAA	[0.00640593]
ATATCCGTACAGTTTAA	[0.00640593]
ATATCCTGACATGGAAA	[0.00640593]
ATATCCTTACAGAGAAT	[0.00640593]
ATATCTATACACGCGGC	[0.00640593]
ATATCTGCTCCTCAACT	[0.00640593]
ATATGCAAACATCCCAT	[0.00640593]
ATATGCATACATAACTA	[0.00640593]
ATATGCATAGACTCGAT	[0.00640593]
ATATGCATATACGTCTA	[0.00640593]
ATCCCCATGCAGCCTGT	[0.00640593]
ATCTACAGATACTCCGA	[0.00640593]
ATCTCCAAACACCGCCA	[0.00640593]
ATCTCCAAAGACCTTTA	[0.00640593]
ATCTCCACACATCAGCC	[0.00640593]
ATCTCCACACATCAGCC	[0.00640593]
ATCTCCATAAACATAAA	[0.00640593]
ATCTCCATAAACATAAA	[0.00640593]
ATCTCCATACAATACCA	[0.00640593]
ATCTCCATCAACCTCGC	[0.00640593]
ATCTCCATGCATCTTCA	[0.00640593]
ATCTCCATGCATCTTCA	[0.00640593]
ATCTTCACGCACCTGAG	[0.00640593]
ATCTTCATACACCATGG	[0.00640593]
ATCTTCATACACTTCAT	[0.00640593]
ATCTTCATGCACTTCTT	[0.00640593]
ATGCCCATACATCGTCC	[0.0102732]
ATGCCCGTGCACCCACG	[0.00640593]
ATGTACATGCAACTCAT	[0.00640593]
ATGTACATGCCCCTTAT	[0.00640593]
ATGTACTCACATCTTCG	[0.00640593]
ATGTCCAAACAATTGAT	[0.00640593]
ATGTCCATACAATGCAT	[0.00640593]
ATGTCGGCACACCCCAC	[0.00640593]
ATGTTCAAACCTCTGAT	[0.00640593]
ATGTTCATACAATTCTA	[0.00640593]
ATTCCCACACACATCAA	[0.00640593]
ATTTCCAAGCCCTCTGC	[0.00640593]
ATTTCCATACACATTTT	[0.00640593]
ATTTCCGTGCACTTCGT	[0.00640593]
ATTTTCAAACACCACAA	[0.00640593]
CAAACCATACATAGCAA	[0.00640593]
CAAACCTGCCATTGCAA	[0.00640593]
CAACACACACACGTTAA	[0.00640593]
CAACACAGACACCCGTT	[0.00640593]
CAACACATACCTTACAA	[0.00640593]
CAACACGTACATAGAGT	[0.00640593]
CAACCAATACCTCTTAT	[0.00640593]
CAACCAGAACATATTCT	[0.00640593]
CAACCAGTACAGAGAGT	[0.00640593]
CAACCAGTACAGAGAGT	[0.00640593]
CAACCCAAACATTTTCG	[0.00640593]
CAACCCAAACATTTTCG	[0.00640593]
CAACCCAAGCCCTAGAG	[0.00640593]
CAACCCAGGCACGAAGA	[0.00640593]
CAACCCAGTCACCGGAT	[0.00640593]
CAACCCATTCATCAAAT	[0.00640593]
CAACCCATTCATGGAGG	[0.00640593]
CAACCCGCTCATAGTAT	[0.00640593]
CAACCCGTGCACACTGG	[0.00640593]
CAACCCTCTCCTCAGAC	[0.00640593]
CAACCCTTACCCCTCAT	[0.00640593]
CAACCTATACATCTGGC	[0.00640593]
CAACCTGTACATCAACC	[0.00640593]
CAACGCAGACCTCTCAC	[0.00640593]
CAACGCATACACAATAT	[0.00640593]
CAACTCAAACACTCAAC	[0.00640593]
CAACTCACACACGCGTT	[0.00640593]
CAACTCATACCTTTGAA	[0.00640593]
CAAGCCACGCACTTTAA	[0.00640593]
CAATCCAAACACACAAA	[0.00640593]
CAATCCAAACACACAAA	[0.00640593]
CAATCCAAACACACAAA	[0.00640593]
CAATCCAAACCCTCTTC	[0.00640593]
CAATCCAAACCTTTAAT	[0.00640593]
CAATCCAATCACGCTGA	[0.00640593]
CAATCCACACAGCAAAC	[0.00640593]
CAATCCATACAATTCTT	[0.00640593]
CAATCCATACACAAGAG	[0.00640593]
CAATCCATACATCGCCC	[0.99997705]
CAATCCATACATCGCCC	[0.99997705]
CAATCCATACCGTTCTA	[0.00640593]
CAATCCATGCACAAAAA	[0.00640593]
CAATCCATGCATCTTGC	[0.00644258]
CAATCCATGCATTTAGG	[0.00640593]
CAATCCCAGCCTTGACG	[0.00640593]
CAATCCGCCCATAATCT	[0.00640593]
CAATCCGGACCCCACGG	[0.00640593]
CAATCCGTACACAAGGT	[0.00640593]
CAATCCGTGCGTTTCAG	[0.00640593]
CAATCCTATCCTTTCAT	[0.00640593]
CAATCCTGACATATATT	[0.00640593]
CAATCCTTACACTTCAG	[0.00640593]
CAATCCTTGCACTTCAG	[0.00640593]
CAATCCTTGCACTTCAG	[0.00640593]
CAATCCTTGCACTTCAG	[0.00640593]
CAATCCTTGCACTTCAG	[0.00640593]
CAATCCTTGCACTTCAG	[0.00640593]
CAATCCTTGCACTTCAG	[0.00640593]
CAATCCTTGCACTTCAG	[0.00640593]
CAATCCTTGCACTTCAG	[0.00640593]
CAATCCTTGCACTTCAG	[0.00640593]
CAATCCTTGCACTTCAG	[0.00640593]
CAATCCTTGCACTTCAG	[0.00640593]
CAATCCTTGCACTTCAG	[0.00640593]
CAATCCTTGCACTTCAG	[0.00640593]
CAATCCTTGCATTTCAG	[0.00640593]
CAATCCTTGCATTTCAG	[0.00640593]
CAATCCTTGCATTTCAG	[0.00640593]
CAATCCTTGCATTTCAG	[0.00640593]
CAATCCTTGCGTTTCAG	[0.00640593]
CAATCCTTGCGTTTCAG	[0.00640593]
CAATCCTTGCGTTTCAG	[0.00640593]
CAATCCTTGCGTTTCAG	[0.00640593]
CAATGCACCCACTTCAA	[0.00640593]
CAATGCATACACTCGGA	[0.00640593]
CAATGCATCAACTCCGA	[0.00640593]
CAATGCATGCCTTCCTA	[0.00640593]
CAATGCTGACCTTGAAA	[0.00640593]
CAATTCATGCTCTCCTA	[0.00640593]
CACACCGTGCACCCCAT	[0.00640593]
CACCCAGGACATCATCC	[0.00640593]
CACCCCAAACACCCTGA	[0.00640593]
CACCCCACACATTACAA	[0.00640593]
CACCCCATACACACAAA	[0.00640593]
CACCCCATACATCTTAC	[0.00655226]
CACCCCATCCACCTTGA	[0.00640593]
CACCCCGAACCCAGTAT	[0.00640593]
CACTCCAAACCTTCCTT	[0.00640593]
CACTCCGTACACCACTA	[0.00640593]
CACTCCGTACACCACTA	[0.00640593]
CAGAACATACCCCTGTC	[6.30586398e-07]
CAGCCCAAACACTGTCA	[0.00640593]
CAGCCCACACATGAGGC	[0.00640593]
CAGCCCATACATACTAC	[0.00640598]
CAGCCCATACATACTAC	[0.00640598]
CAGCCCATACCCCACAC	[0.99997705]
CAGCCCATATACTATGA	[0.00640593]
CAGCCCTTACATCAAAT	[0.00640593]
CAGCCCTTACATTTCAG	[0.00640593]
CAGTACATACCTCTCAT	[0.00640593]
CAGTCCAAAAACCCCAG	[0.00640593]
CAGTCCAAACACACAAA	[0.00640593]
CAGTCCAAACACACAAA	[0.00640593]
CAGTCCATACTTCCCGA	[0.00640593]
CAGTCCATGCCCTCCAG	[0.00640593]
CAGTCCATGGCCTTTGA	[0.00640593]
CAGTCCTAACACTCCAC	[0.00640593]
CAGTCCTAACATCGAAT	[0.00640593]
CAGTTCACACATCTAGA	[0.00640593]
CAGTTCACACATCTAGA	[0.00640593]
CATCCCGCACATACCTT	[0.00640593]
CATTCCACACCCCGCGT	[0.00640593]
CATTCCTTACCTTGAAT	[0.00640593]
CCAACCAAACACCACCC	[0.00640593]
CCAACCATACACCGCGT	[0.00643701]
CCAACCATACACCGCGT	[0.00643701]
CCAACCATACCTTCGGA	[0.00640593]
CCAACCATGCATCTCTC	[0.00640593]
CCAACCATGCATCTCTC	[0.00640593]
CCAACCATTCCTTCCTA	[0.00640593]
CCAACCATTCCTTCCTA	[0.00640593]
CCAACCATTCCTTCCTA	[0.00640593]
CCAACCGTACATAATAG	[0.00640593]
CCAAGCAAGCACTACGT	[0.00640593]
CCACCAATGCACCACCG	[0.00640593]
CCACCAGAACCTCTACA	[0.00640593]
CCACCAGCACCCTGTAA	[0.00640593]
CCACCAGGACATTTCCA	[0.00640593]
CCACCAGTGCATCATCT	[0.00640593]
CCACCATTGCATCAACT	[0.00640593]
CCACCCAAACGTTCTGA	[0.00640869]
CCACCCACACACCTCAA	[0.99997705]
CCACCCACACCCATTCA	[0.00640593]
CCACCCACACCCATTCA	[0.00640593]
CCACCCACGCATCCAAA	[0.99997705]
CCACCCATACACCCTCA	[0.99997705]
CCACCCATACACCCTCA	[0.99997705]
CCACCCATACCCCTCGA	[0.99997705]
CCACCCATACCCCTCGA	[0.99997705]
CCACCCATACCCCTCGA	[0.99997705]
CCACCCATCCGCTCTGA	[0.00640593]
CCACCCGAACACCTCAC	[0.99997705]
CCACCCGCACCTTTTGT	[0.00648744]
CCACCCGCACCTTTTGT	[0.00648744]
CCACCCGGACCTGCATT	[0.00640593]
CCACCCGTACATCCGGA	[0.99997705]
CCACCCGTACATCCGGA	[0.99997705]
CCACCCGTATACCCGAA	[0.00640593]
CCACCCTCACACAGGCA	[0.00640593]
CCACCCTGACCATTCCG	[0.00640593]
CCACCCTTAAATAGTAT	[0.00640593]
CCACCGTGACATCCTCT	[0.00640593]
CCACGCAGGCCTTACAA	[0.00640593]
CCACGCATACCCACTCT	[0.00640593]
CCACGCATGCTCTTCCC	[0.00640593]
CCACTCAGACATTTCCC	[0.00640593]
CCACTCATACACCACAT	[0.99997704]
CCAGCCACACAGCTCAC	[0.00640593]
CCATACATAAACTAGGA	[0.00640593]
CCATCCAAACATAGATA	[0.00640593]
CCATCCAAACCCAAAAT	[0.00640593]
CCATCCAATACCTTGGA	[0.00640593]
CCATCCACTCACTCTCC	[0.00640593]
CCATCCAGACAGCCGAA	[0.00640593]
CCATCCATACATTTTGG	[0.99997705]
CCATCCATACTTCTTAC	[0.01280997]
CCATCCATATCCAAGAC	[0.00640593]
CCATCCATGCATCCCAA	[0.99997705]
CCATCCATGCCCTCCAA	[0.99997705]
CCATCCATTCCTTTCAC	[0.00640593]
CCATCCCTACACTAGGA	[0.00640593]
CCATCCGCTCACCTGAA	[0.00640593]
CCATCCGTACATTTTAA	[0.99997705]
CCATCCGTACATTTTAA	[0.99997705]
CCATCCGTACCTCTTTA	[0.56570004]
CCATCCGTACGCACAAA	[0.00640593]
CCATCCGTGCTCTACCC	[0.00640593]
CCATCCTCACGTAAAGT	[0.00640593]
CCATGCAGACACTTTGT	[0.00640593]
CCATTCAGACCTCTGGT	[0.00640593]
CCATTCATAGATCCGAA	[0.00640593]
CCCACCGTACATCGTCT	[0.00640593]
CCCCCCATACACATTTT	[0.00640593]
CCCCCCGCACCTAGCAG	[0.00640593]
CCCCCCGTTCGTTGCAA	[0.00640593]
CCCCCCTCACCTTTCTT	[0.00640593]
CCCCCCTGTCATCTAAG	[0.00640593]
CCCTCCAAACCTTTCCT	[0.00640593]
CCCTCCACACACCATGG	[0.00640593]
CCCTCCGGACCCCCTAC	[0.00640593]
CCCTCCGGACCCCCTAC	[0.00640593]
CCCTCTATGCCCTTGTC	[0.00640593]
CCCTTCATACACATTAA	[0.00640593]
CCGACCACACACTTCAG	[0.00640593]
CCGCCCACACATCACAT	[0.99997705]
CCGCCCATACACCCCAT	[0.99997705]
CCGCCCGCGCCTTGCCT	[0.00640593]
CCGCGCATAAACCAGAA	[0.00640593]
CCGTCCAGACACGTTAA	[0.00640593]
CCGTCCATATATCCACC	[0.00640593]
CCGTCCGTGCATTAAAT	[0.00640593]
CCGTTCAAATCCTCCAC	[0.00640593]
CCTCCAGCACCTTGTCT	[0.00640593]
CCTCTCACGCACCTGAA	[0.00640593]
CCTTCCATACACACAAC	[0.00640593]
CGAACCATCACCCCCGA	[0.00640593]
CGAACCGCACATTGTGG	[0.00640593]
CGAACCGCACATTGTGG	[0.00640593]
CGACCAGCTCCTCGTAT	[0.00640593]
CGACCCAGACAACACAT	[0.00640593]
CGATACATGCCCCACCT	[0.00640593]
CGATCAATGCATTCCCA	[0.00640593]
CGATCCAAACCCTTTTT	[0.00640593]
CGATTCAAACACACCGT	[0.00640593]
CGATTCATACATTTCTC	[0.00640593]
CGCTCCAAGCACCATTT	[0.00640593]
CGCTCCGTGCACGACGA	[0.00640593]
CGGACCATTCACTCTAC	[0.00640593]
CGGCACAAACATCCCAA	[0.00640593]
CGGTCCATGCATTGAGA	[0.00640593]
CGGTCCCTCCACCTGAA	[0.00640593]
CTACCCATACCTTCTAG	[0.00640593]
CTATCCACACAGCTGAC	[0.00640593]
CTATCCAGGCACTAAAA	[0.00640593]
CTATCCGTGCCCACCGT	[0.00640593]
CTATTCAAAGACTCGAA	[0.00640593]
CTCACCATACCCTCCGT	[0.00640593]
CTCTCCAAACATTTGTA	[0.00640593]
CTGTTCAAGCACCTCTC	[0.00640593]
GAAAACAAGCACACGGA	[0.00640593]
GAAAACAAGCACACGGA	[0.00640593]
GAAAACAGACAACTGGG	[0.00640593]
GAAAACATACACCTATT	[0.00640593]
GAAAACATACATTATAA	[0.00640593]
GAAAACATACATTATAA	[0.00640593]
GAAACATCAGATATTAT	[6.30586398e-07]
GAAACCAAACACCGAAC	[0.00640593]
GAAACCAAGAATTCCAA	[0.00640593]
GAAACCAAGCAGCCCAA	[0.00640593]
GAAACCAAGCATCAAAC	[0.00640593]
GAAACCACACCTTTAAA	[0.00640593]
GAAACCACACTTTTCAC	[0.00640593]
GAAACCACATATCTCTA	[0.00640593]
GAAACCACATATCTCTA	[0.00640593]
GAAACCAGACATAATAC	[0.00640593]
GAAACCATACACTTTAA	[0.00640593]
GAAACCATACAGATGGG	[0.00640593]
GAAACCATACATCGTTA	[0.00640593]
GAAACCATACCCTTCGG	[0.00640593]
GAAACCATCCACTTCAC	[0.00640593]
GAAACCTCACATTGTAC	[0.00640593]
GAAACCTTACCTGGAAC	[0.00640593]
GAAACCTTACCTGGAAC	[0.00640593]
GAAACGATACACCTGCA	[0.00640593]
GAAACTGGGCACGTAAT	[0.00640593]
GAAAGCAAAGACTCCGG	[0.00608213]
GAAAGCAAAGACTCCGG	[0.00608213]
GAAAGCAAAGACTCCGG	[0.00608213]
GAAAGCATACATCTTCA	[0.00640593]
GAAATCATAAATCCCAA	[0.00640593]
GAAATCATACCCTTCAT	[0.00640593]
GAAATCATACCTTTCAT	[0.00640593]
GAAATCATACCTTTCAT	[0.00640593]
GAACACAGACAGCTTGA	[0.00640593]
GAACACATACACTATAT	[0.00640593]
GAACACATGCATTATAT	[0.00640593]
GAACACATGCCCATAGT	[0.00640593]
GAACACGTACACTATAC	[0.00640593]
GAACACGTACACTATAC	[0.00640593]
GAACACGTGCCCCTCTA	[0.00640593]
GAACACGTGCCCCTCTA	[0.00640593]
GAACCAAAACACCTCTA	[0.00640593]
GAACCAGTACATAAAAG	[0.00640593]
GAACCATGACATTCAAT	[0.00640593]
GAACCCAAACAAATCCA	[0.00640593]
GAACCCAAACAATCTGA	[0.00640593]
GAACCCAAACAGATCTT	[0.00640593]
GAACCCAACCAACCCAG	[0.00640593]
GAACCCAAGCCACCGCA	[0.00640593]
GAACCCAAGCGCCTCAT	[0.00640593]
GAACCCAAGCTCATTGA	[0.00640593]
GAACCCAAGCTCATTGA	[0.00640593]
GAACCCAATCACCGGAA	[0.00640593]
GAACCCAATCACCGGAA	[0.00640593]
GAACCCACCCACGTTGA	[0.00640593]
GAACCCACGATCCCCGC	[0.00640593]
GAACCCACTGACCACTA	[0.00640593]
GAACCCAGAAACGTTTG	[0.00640593]
GAACCCAGACCATTTTA	[0.00640593]
GAACCCAGCCATACCTA	[0.00640593]
GAACCCAGCCCCTATGC	[0.00640593]
GAACCCAGCTACCTGGG	[0.00640593]
GAACCCATAAAGCTAAA	[0.00640593]
GAACCCATAATCTTCTG	[0.00640593]
GAACCCATACACCGCAC	[0.99999989]
GAACCCATACACCGCAC	[0.99999989]
GAACCCATACATACACA	[0.99997703]
GAACCCATACATTACTT	[0.99997705]
GAACCCATACCTCACGT	[0.99997705]
GAACCCATACTGGTGAA	[0.00640593]
GAACCCATATGCCCAGT	[0.00640593]
GAACCCATGCACCACAC	[0.99997705]
GAACCCATTCACCGGAT	[0.00640596]
GAACCCATTCATCCTTG	[0.00640593]
GAACCCATTCCTCAAAA	[0.00640618]
GAACCCGAACATAGAAA	[0.00640593]
GAACCCGAACCTTCTAA	[0.00693659]
GAACCCGCACATTCAAA	[0.99997704]
GAACCCGCGCCTCCGAA	[0.00640593]
GAACCCGGACAAAATCT	[0.00640593]
GAACCCGTACAACCGAC	[0.99759409]
GAACCCGTACATTTTAT	[0.99997705]
GAACCCGTCCATCCGGC	[0.70372832]
GAACCCGTCCATCCGGC	[0.70372832]
GAACCCGTCCATTGGGT	[0.00640593]
GAACCCGTGCCCTATCA	[0.00640679]
GAACCCTCACAACCAGC	[0.00640593]
GAACCCTCGCTTAGCGC	[0.00640593]
GAACCCTCTCACAGAGG	[0.00640593]
GAACCCTGACACGAAAG	[0.00640593]
GAACCCTTACGCCAAGG	[0.00640593]
GAACCCTTGCATCCGAA	[0.00640593]
GAACCCTTGCATCCGAA	[0.00640593]
GAACCCTTGCATCCGAA	[0.00640593]
GAACCTTGACACGTTCT	[0.00640593]
GAACGCATAAACGTAAA	[0.00640593]
GAACGCATACAAATGAA	[0.00640593]
GAACGCATACGCTTTTA	[0.00640593]
GAACGCATGCACACCAA	[0.00640593]
GAACGCGCGCGCCTCGA	[0.00640593]
GAACTCAAGCCCTCTTA	[0.00640593]
GAACTCATTCATGCGAA	[0.00640593]
GAACTCGCACCCTTTGC	[0.00640593]
GAAGACCTACACCTGGT	[0.00640593]
GAAGACCTACACCTGGT	[0.00640593]
GAAGCCAAATACTCCCC	[0.00640593]
GAAGCCACACATTTTTG	[0.00640593]
GAAGCCATAAACGCTCC	[0.00640593]
GAAGCCATACATAATAT	[0.00640593]
GAAGCCTGACACCCCAC	[0.00640593]
GAAGTCACACATTCGCA	[0.00640593]
GAAGTCAGAAACCCCGC	[0.00640593]
GAAGTCATACCCTCGAA	[0.00640593]
GAATACAAACCCTAGTT	[0.00640593]
GAATACAAGCACATATA	[0.00640593]
GAATACAAGCACATATA	[0.00640593]
GAATACAAGCACCCTAT	[0.00640593]
GAATACACACAACTCAA	[0.00640593]
GAATACATACATCAATC	[0.00640593]
GAATACATACATCATAT	[0.00640593]
GAATACATACATCTAAT	[0.00640593]
GAATACGAACACCAGGG	[0.00640593]
GAATACGAGCCCCCTAA	[0.00640593]
GAATACGCACACTCGAA	[0.00640593]
GAATCAAGACACCTGGT	[0.00640593]
GAATCAGCACCTAGTAT	[0.00640593]
GAATCATTACATCGTAT	[0.00640593]
GAATCCAAAAACTGGTA	[0.00640593]
GAATCCAAACAACTCAA	[0.00640593]
GAATCCAAACACCCTTG	[0.00640593]
GAATCCAAACATCTAAT	[0.00640594]
GAATCCAAACCCTTCAC	[0.00640603]
GAATCCAAACCTTTAGA	[0.00640593]
GAATCCAAACTCCAAGG	[0.00640593]
GAATCCAAATCTCTCAA	[0.00640593]
GAATCCAAGCAATTCAT	[0.00640593]
GAATCCAAGCATACTCC	[0.00640593]
GAATCCACAGACCAAAT	[0.00640593]
GAATCCACATACTTTCT	[0.00640593]
GAATCCACTAACTCCAA	[0.00640593]
GAATCCAGACAACATCA	[0.00640593]
GAATCCAGCCCTTTCGT	[0.00640593]
GAATCCATACCGCCCAA	[0.00640929]
GAATCCATACGACCTCT	[0.00640593]
GAATCCATACGCCACCC	[0.99997705]
GAATCCATATATTTAAC	[0.00640593]
GAATCCATCAACAAGAG	[0.00640593]
GAATCCATCCACAGCGT	[0.00640593]
GAATCCATCTCCTCTTC	[0.00640593]
GAATCCATGAAACTCAT	[0.00640593]
GAATCCATGGACCAAGA	[0.00640593]
GAATCCATTCACTTATA	[0.00640593]
GAATCCCCACACCTTCC	[0.00640593]
GAATCCCGACATGCCAC	[0.00640593]
GAATCCGCCCATAGGCA	[0.00640593]
GAATCCGTACAATCAGT	[0.00640593]
GAATCCGTACAATGCGA	[0.00640593]
GAATCCGTACCCTTTAT	[0.00640693]
GAATCCGTGCGTTCCAT	[0.00640593]
GAATCCGTTCCCTCCAA	[0.00640593]
GAATCCTTGCCCATCAG	[0.00640593]
GAATCCTTGCCCGTCAG	[0.00640593]
GAATCCTTGTCCTCCAA	[0.00640593]
GAATCGATCCCCACGGA	[0.00640593]
GAATCTAAAGCCTCCAA	[0.00640593]
GAATCTACACACTTCTT	[0.00640593]
GAATCTATAAACTCTAA	[0.00640593]
GAATGCAAACAACTGCA	[0.00640593]
GAATGCACGCATACGAC	[0.00640593]
GAATGCATAACCCTTAT	[0.00640593]
GAATGCATACATATGCG	[0.00640593]
GAATGCATCCATTTCGC	[0.00640593]
GAATGCGTACACATTTA	[0.00640593]
GAATGCGTACACCCTGC	[0.00640593]
GAATGTATACACGTGAC	[0.00640593]
GAATTAATGCATTTGAA	[0.00640593]
GAATTCAAACCTACGGT	[0.00640593]
GAATTCACAGACTCTGA	[0.00640593]
GAATTCAGACAACTCAA	[0.00640593]
GAATTCAGACATTTCTA	[0.00640593]
GAATTCATAAATTCATA	[0.00640593]
GAATTCATACGCCTCTA	[0.00640593]
GAATTCATGAAATCGAA	[0.00640593]
GAATTCGAGCATCTGAT	[0.00640593]
GAATTCTTACCCACCCA	[0.00640593]
GAATTCTTACCCCACCA	[0.00640593]
GAATTGATGGACTCCAC	[0.00640593]
GACACCACGCAATTGGA	[0.00640593]
GACACCATAAACTTCAC	[0.00640593]
GACACCATACAACCAGC	[0.00640593]
GACACCATACATCACCT	[0.00640593]
GACATCATGCCTTCCGA	[0.00640593]
GACCACAGACATCTCCA	[0.00640593]
GACCACATACACCTTTT	[0.00640593]
GACCACGTACACACCAG	[0.00640593]
GACCACGTACACACCAG	[0.00640593]
GACCCCAAACAACACAT	[0.00640593]
GACCCCAAACACAACAA	[0.00640593]
GACCCCAAACCTTTTCC	[0.00640593]
GACCCCACAAATGTGAA	[0.00640593]
GACCCCAGACATCATTG	[0.00640593]
GACCCCAGACCCATCTC	[0.00640593]
GACCCCATACAACAGCG	[0.00640593]
GACCCCTTGCATCGCAT	[0.00640593]
GACGCCGAGCACCTCGG	[0.00640593]
GACGGCATACACCCAAG	[0.00640593]
GACTCCAAGCAGTTTAT	[0.00640593]
GACTCCAAGGACTTGAA	[0.00640593]
GACTCCAATCATCTTAA	[0.00640593]
GACTCCACATACCTATT	[0.00640593]
GACTCCATATCTCCGGA	[0.00640593]
GACTCCATGGCCAAGTT	[0.00640124]
GACTCCATGGCCAAGTT	[0.00640124]
GACTCCATGGCCAAGTT	[0.00640124]
GACTCCATGTATTCTGT	[0.00640593]
GACTCCCTGCACATGGT	[0.00640593]
GACTTCATGCCTTTTGA	[0.00640593]
GACTTGAAACACTTCAA	[0.00640593]
GAGAACGCACATCCCAA	[0.00640593]
GAGACCAAACACCACTT	[0.00640593]
GAGACCATACAGCTTCC	[0.00640593]
GAGACCATCCACGTTGT	[0.00640593]
GAGACCATTCTCCCCAT	[0.00640593]
GAGATCACAGACCTTGA	[0.00639758]
GAGATGATGCCCTCCTA	[6.30586398e-07]
GAGCACATAGCCATGGA	[6.305864e-07]
GAGCCAATGCACTAAAC	[0.00640593]
GAGCCAATGCATTTCAA	[0.00640593]
GAGCCAATGCATTTCAA	[0.00640593]
GAGCCCAAACAAAAGAG	[0.00640593]
GAGCCCAAAGACTGCGA	[0.00640593]
GAGCCCAAATATCTTGT	[0.00640593]
GAGCCCAAGCATTGAAA	[0.00640593]
GAGCCCACACAAATCCA	[0.00640593]
GAGCCCACACCCATTGC	[0.00640593]
GAGCCCAGGCCTCCGTG	[0.00640593]
GAGCCCATACGTTCCTC	[0.00640593]
GAGCCCATACGTTCCTC	[0.00640593]
GAGCCCATGCATCTATA	[0.00640593]
GAGCCCATGCATTGTAC	[0.00640596]
GAGCCCATTCACAAAGA	[0.00640593]
GAGCCCGCGCACTTCCT	[0.00640593]
GAGCCCGTACACAATGA	[0.00642189]
GAGCCCTTGCACGCAAA	[0.00640593]
GAGCCGGTACAAGTCTT	[0.00640593]
GAGCGCACCCACCCGAG	[0.00640593]
GAGCTCATAGACCCTCT	[0.00640593]
GAGCTCGCTTATCTTAA	[0.00640593]
GAGGCCAAACATCCTGT	[0.00640593]
GAGGCCGCACACTAAGA	[0.00640593]
GAGTACAAACAAGTCGC	[0.00640593]
GAGTACACGGCCACCAA	[6.30586398e-07]
GAGTACATGCAACTTGA	[0.00640593]
GAGTACATTCATTTCTC	[0.00640593]
GAGTACATTTACTCGAG	[6.8494059e-07]
GAGTAGATACACCCTAG	[0.00640593]
GAGTCCACACAGGAGGA	[0.00640593]
GAGTCCACGAACTAGCT	[0.00640593]
GAGTCCACTCAGCTCCA	[0.00640593]
GAGTCCACTCCTCTGGT	[0.00640593]
GAGTCCACTCCTCTGGT	[0.00640593]
GAGTCCAGGCACATAAA	[0.00640593]
GAGTCCATACATCCCAG	[0.99997705]
GAGTCCATATACTGCAA	[0.00640593]
GAGTCCATGCCACCGCT	[0.00640593]
GAGTCCATGCTTTTGAA	[0.00640593]
GAGTCCGTGGACCCTGT	[0.00640593]
GAGTCCTGGCACCTCCC	[0.00640593]
GAGTGCAAAGATCTGAT	[0.00581346]
GAGTGCATACATTGCCA	[0.00640593]
GAGTGCATACATTGCCA	[0.00640593]
GAGTGCATGAATCTTAA	[0.00640593]
GAGTTCAAAACCTTGAG	[6.30586398e-07]
GAGTTCAAACCTCTTGG	[0.00640593]
GAGTTCAAATCCTCCAC	[0.00640593]
GAGTTCAAGGACTTGAA	[6.7242318e-07]
GAGTTCACACGCCTTCA	[0.00640593]
GAGTTCATAGATGTGAC	[0.00640593]
GAGTTCATATACCGCTT	[0.00640593]
GAGTTCGTACATTTTGT	[0.00640593]
GATACCATACACCAAAT	[0.00640593]
GATACCGTACACCTGCT	[0.00640593]
GATCACAAACACTTGCA	[0.00640593]
GATCCCAAGCATCACGT	[0.00640593]
GATCCCAGACATTCTCT	[0.00640593]
GATCCCGGACCTAGAAA	[0.00640593]
GATCGCAAGCACGTCGC	[0.00640593]
GATGCCATACCCTTTTA	[0.00640593]
GATGTCAGGCACCCCGT	[0.00640593]
GATTACGTACACTTGAC	[0.00640593]
GATTCCAAACACTTTTT	[0.00640593]
GATTCCAGACATGTCTC	[0.00640593]
GATTCCTTACACTTTGC	[0.00640593]
GCAAACACACACGTATA	[0.00640593]
GCAAACACACCCGCGAT	[0.00640593]
GCAAACAGACACGTTAA	[0.00640593]
GCAAACATAAACGTCGT	[0.00640593]
GCAAACATACACAAATA	[0.00640593]
GCAAACATAGCCCTGAA	[0.00640055]
GCAAACATGCAAGTCAA	[0.00640593]
GCAACAACACATTTTGT	[0.00640593]
GCAACAATACAACCCAC	[0.00640593]
GCAACCAAACACCTCGT	[0.00640593]
GCAACCAACCACATGGG	[0.00640593]
GCAACCAAGACCTCCAC	[0.00640593]
GCAACCAAGCCTTTCGA	[0.00640593]
GCAACCACACACCAAAG	[0.00640593]
GCAACCACGCAATACAT	[0.00640593]
GCAACCATACAAGCGGT	[0.00640593]
GCAACCATACAGTACAA	[0.00640593]
GCAACCATGAATCGCAC	[0.00640593]
GCAACCATGCAATCTTA	[0.00640593]
GCAACCATTCACATAAG	[0.00640593]
GCAACCGTACCTGCAGA	[0.00640593]
GCAAGCAAGCATTATGA	[0.00640593]
GCAAGCACACATCAGGT	[0.00640593]
GCAATCAAACATCCTAG	[0.00640593]
GCAATCACACTCTTCAC	[0.00640593]
GCAATCATACAACTAGC	[0.00640593]
GCACACACACACCGTTG	[0.00640593]
GCACACACACACCGTTG	[0.00640593]
GCACACACACACGTTTT	[0.00640593]
GCACACACACACGTTTT	[0.00640593]
GCACACACAGACGCGCT	[0.00640593]
GCACACACCCACTTGCG	[0.00640593]
GCACACACTCACCATAA	[0.00640593]
GCACACATAAACTTCAT	[0.00640593]
GCACACATACCACACCT	[0.00640593]
GCACACGCACCCCTAAA	[0.00640593]
GCACACGCGCATTAGAA	[0.00640593]
GCACACGTACACACTTC	[0.00640593]
GCACCAACACACCAAGA	[0.00640593]
GCACCAACACACCTGTT	[0.00640593]
GCACCAATACCCCATGT	[0.00640593]
GCACCAATACCTTCAGA	[0.00640593]
GCACCAGAACATCCCGA	[0.00640593]
GCACCAGCACCTTCTCC	[0.00640593]
GCACCAGTACACCGCAC	[0.99997446]
GCACCAGTACACTTATC	[0.00640593]
GCACCCAAAAACTTGAT	[0.00640593]
GCACCCAAACAGTTCCG	[0.00640593]
GCACCCAAACATCGCAT	[0.99997705]
GCACCCAAACCAATCGC	[0.00640593]
GCACCCAAAGACCATCT	[0.00640593]
GCACCCAAGCTTCCCGT	[0.00643172]
GCACCCAATCACCACCC	[0.99997705]
GCACCCAATCACCACCC	[0.99997705]
GCACCCACACACAAGCT	[0.99997691]
GCACCCACACACCGGAC	[0.99997722]
GCACCCACACATCACCG	[0.9999811]
GCACCCACACATCACCG	[0.9999811]
GCACCCACACATCGCAT	[0.99999995]
GCACCCACACATTCTAA	[0.99997705]
GCACCCACACATTTATA	[0.99997704]
GCACCCACACCTCGCAT	[0.99997705]
GCACCCACGCACCCAAC	[0.99997705]
GCACCCAGACAACTACA	[0.00640597]
GCACCCAGACAACTACA	[0.00640597]
GCACCCAGACAGTACAT	[0.99997705]
GCACCCAGAGATCTTGC	[0.00640593]
GCACCCAGATATAAAAC	[0.00640593]
GCACCCAGATATTTCAC	[0.01057512]
GCACCCAGTCACCGCCC	[0.99997705]
GCACCCATACAATTCTA	[0.99997702]
GCACCCATACATTATAA	[0.99997705]
GCACCCATACCGACAGC	[0.00640593]
GCACCCATACCTTCCTT	[0.99997705]
GCACCCATACCTTTTAC	[0.99997705]
GCACCCATACGGATCTA	[0.00640593]
GCACCCATGCATCCACT	[0.99997705]
GCACCCATGCATCCACT	[0.99997705]
GCACCCATTCACCCCGC	[0.99997705]
GCACCCCAACATGCTAC	[0.00640593]
GCACCCCCGCCCCTAAC	[0.00640593]
GCACCCCTGAACCTAGC	[0.00640593]
GCACCCGCACACCGCAG	[0.99999995]
GCACCCGCGCCTTCCTC	[0.99997639]
GCACCCGGACACGCGTT	[0.08175205]
GCACCCGTACCCCACAA	[0.99997705]
GCACCCGTAGCCGTCGA	[0.00640593]
GCACCCGTCAACATCGC	[0.00640593]
GCACCCGTGCACGTCAC	[0.99997705]
GCACCCGTGCACGTCAC	[0.99997705]
GCACCCGTGCATATTGA	[0.99997705]
GCACCCGTGCATCATAC	[0.99997705]
GCACCCGTGCCCCCGCT	[0.99997705]
GCACCCGTTCATACCAA	[0.99997705]
GCACCCTCACACAGGAT	[0.00640593]
GCACCCTTACGTCTACT	[0.00640593]
GCACCGATACCTTGGGA	[0.00640593]
GCACGCAAGCACATGGA	[0.00640593]
GCACGCACAAACCAAAT	[0.00640593]
GCACGCATAAATTTGGC	[0.00640593]
GCACGCCCACCCCTCAC	[0.00640593]
GCACGGAAGCCCTTGAA	[0.00640593]
GCACGTATACACATGTA	[0.00640593]
GCACGTATACCCTTAAA	[0.00640593]
GCACTAGCATCTCTTAG	[0.00640593]
GCACTCAAAAACCTTCT	[0.00640593]
GCACTCACACACACACT	[0.00640593]
GCACTCACACCCACTTT	[0.00640593]
GCACTCACGCACAATCA	[0.00640593]
GCACTCACGCACACATA	[0.00640593]
GCACTCAGACACTGCTA	[0.00640593]
GCACTCATAGAACTCAT	[0.00640593]
GCACTCGCGCCCTTTAA	[0.00640593]
GCAGCCAAACAACTGCA	[0.00640593]
GCAGCCAAACATCATCG	[0.00640593]
GCAGCCAAGCCCATTAA	[0.00640593]
GCAGCCAAGCCCATTAA	[0.00640593]
GCAGCCAAGGATCTTAA	[0.00640593]
GCAGCCACACAAATCTA	[0.00640593]
GCAGCCACACATCAAAC	[0.0065078]
GCAGCCACACCTGATAC	[0.00640593]
GCAGCCACAGACACCAT	[0.00640593]
GCAGCCAGAACTCTTGC	[0.00640593]
GCAGCCATAAACGATGA	[0.00640593]
GCAGCCATCCACCCCTA	[0.00640593]
GCAGCCGAACCTCCAAC	[0.00640593]
GCAGCCGCACATCCAGC	[0.00640593]
GCAGCCGTCCACCCCCA	[0.00640593]
GCAGCCGTGCGCTTCAG	[0.00640593]
GCATACAAACAACTCAT	[0.00640593]
GCATACACACATATATA	[0.00640593]
GCATACATAAACTTTAT	[0.00640593]
GCATACATAAATTCGGA	[0.00640593]
GCATACATAGCCTTTGA	[0.00640593]
GCATACATATATACCAT	[0.00640593]
GCATAGAAACACTTCAT	[0.00640593]
GCATCAAATCACCCCGG	[0.00640593]
GCATCAATACATGAGAA	[0.00640593]
GCATCAATGCACCGCCG	[0.00640593]
GCATCAATGCACCGCCG	[0.00640593]
GCATCAGCTCATCTTGG	[0.00640593]
GCATCCAAAACTCTTCT	[0.00640593]
GCATCCAAACAAAATAT	[0.00640593]
GCATCCAAACAACCGGA	[0.00640593]
GCATCCAAACAGTAAGT	[0.00640593]
GCATCCAAACCTTCCCC	[0.99997705]
GCATCCAAACTTTCTGT	[0.00640593]
GCATCCAAACTTTCTGT	[0.00640593]
GCATCCAAATATCTCAA	[0.00640593]
GCATCCAAGACCCTCCC	[0.00640593]
GCATCCACAAACGACCC	[0.00640593]
GCATCCACACACTATTT	[0.99997698]
GCATCCACACATGCAGA	[0.99997149]
GCATCCACACCTGGGTA	[0.00640593]
GCATCCACACCTTTAGC	[0.00723211]
GCATCCACACGTCACAA	[0.99997705]
GCATCCACATACTTGCT	[0.00640593]
GCATCCACATATAACGC	[0.00640593]
GCATCCACATCCGCATC	[0.00640593]
GCATCCACATCCGCATC	[0.00640593]
GCATCCACTCCCTATTA	[0.00640593]
GCATCCAGACACTGACA	[0.99996414]
GCATCCAGACAGAACAG	[0.00640593]
GCATCCAGACGTGGTGT	[0.00640593]
GCATCCATACATGAACA	[0.99997705]
GCATCCATACTCCTTTT	[0.00640593]
GCATCCATCCAACCATC	[0.00640593]
GCATCCATCCATGTTTG	[0.00640593]
GCATCCATCCATGTTTG	[0.00640593]
GCATCCATGCCTTAATA	[0.00640594]
GCATCCATGCCTTAATA	[0.00640594]
GCATCCATGGAATTTGA	[0.00640593]
GCATCCATGGAATTTGA	[0.00640593]
GCATCCATGTTCTCAGC	[0.00640593]
GCATCCCCCCACTCAGA	[0.00640593]
GCATCCCTTCCCCACGT	[0.00640593]
GCATCCGGACATCACAC	[0.99997705]
GCATCCGGGCACGCTTT	[0.00640593]
GCATCCGTACACCTACA	[0.99997705]
GCATCCGTACATTCTAT	[0.99997705]
GCATCCGTACATTCTAT	[0.99997705]
GCATCCGTACATTTGAT	[0.99997705]
GCATCCGTACTCTCATA	[0.00640593]
GCATCCGTACTCTCATA	[0.00640593]
GCATCCGTCCACCTTAC	[0.99997704]
GCATCCGTGCACCTCAC	[0.99997705]
GCATCCGTGCATGGCAT	[0.99997705]
GCATCCGTGCATTTGTG	[0.00640593]
GCATCCGTGCCTCCCAC	[0.99997705]
GCATCCGTGCCTCCTGG	[0.99997704]
GCATCCGTTCATAAAAT	[0.00640593]
GCATCCGTTCATAAAAT	[0.00640593]
GCATCCTCACATTTGCT	[0.00640593]
GCATCCTTACAGCTCAT	[0.00640593]
GCATCCTTACAGCTCAT	[0.00640593]
GCATCCTTACATCATCC	[0.99997705]
GCATCCTTACCCAACAG	[0.00640593]
GCATCCTTACCCAACAG	[0.00640593]
GCATCGAGACCCCTTCT	[0.00640593]
GCATCGATACAATTGAT	[0.00640593]
GCATCGGTACACCATGT	[0.00640593]
GCATCTAAACAACCCAG	[0.00640593]
GCATCTACACCTCCAAA	[0.00640593]
GCATCTAGACCCTGCTA	[0.00640593]
GCATCTTGTCATCGCAT	[0.00640593]
GCATGCAAACATCTTCA	[0.00640593]
GCATGCACTCAACTGAA	[0.00640593]
GCATGCACTCAACTGAA	[0.00640593]
GCATGCATATATCTCTG	[0.00640593]
GCATGCGGATACCTAGC	[0.00640593]
GCATGCGGATACCTAGC	[0.00640593]
GCATGCGTACACGTGTG	[0.00640593]
GCATGCGTACACGTGTG	[0.00640593]
GCATTCAAACTCTAAAA	[0.00640593]
GCATTCAAGTCCACCGA	[0.00640593]
GCATTCATAAATTTGTT	[0.00640593]
GCATTCATGCACATCAT	[0.00640593]
GCATTCATGGCCACGGT	[0.00640593]
GCATTCATTAACTTCAA	[0.00640593]
GCATTCCTGCATCTGGA	[0.00640593]
GCATTCTGACATCGCTT	[0.00640593]
GCATTCTGACATCGCTT	[0.00640593]
GCATTGAAACACTTCTA	[0.00640593]
GCATTGGCAGAACTAAG	[6.30586398e-07]
GCCACCATACGTTACCA	[0.00640593]
GCCACCATACGTTACCA	[0.00640593]
GCCACCATGCATCGTTC	[0.00640593]
GCCACCATGCATCGTTC	[0.00640593]
GCCACCGCATACCCCAC	[0.00640593]
GCCAGCATAAACCTCAG	[0.00640593]
GCCCACATGAACCCCAT	[0.00640593]
GCCCACATGCTTTCGAA	[0.00640593]
GCCCACATGTCCTTGAA	[0.00640593]
GCCCCCAAACCTTTACA	[0.00640593]
GCCCCCACACGCCATGT	[0.00640593]
GCCCCCATACCGGAGTC	[0.00640593]
GCCCCCATATCACTGTC	[0.00640593]
GCCCCCATTCCCTTAAG	[0.00640593]
GCCCCCCTACACCCAGG	[0.00640593]
GCCCCCGAACCCCATAT	[0.00640601]
GCCCCCGCACACAAGTA	[0.00640593]
GCCCCCGCGAACGCCAT	[0.00640593]
GCCCCCGCTCACCTGGG	[0.00640593]
GCCCGCACGCATTTCCC	[0.00640593]
GCCCTCACAGACTTCGT	[0.00640593]
GCCCTCATCCGCTTCGT	[0.00640593]
GCCGCCATCTCCTTCAA	[0.00640593]
GCCGCCATTCACCTCTC	[0.00640593]
GCCTACATAAATCTTAA	[0.00640593]
GCCTACATAAATCTTAA	[0.00640593]
GCCTACATATATTTCGT	[0.00640593]
GCCTACGTACACTTCCA	[0.00640593]
GCCTCAAAACACAACAA	[0.00640593]
GCCTCCAAACAATTACA	[0.00640593]
GCCTCCAAAGCCCTTCT	[0.00640593]
GCCTCCAAATACTTACG	[0.00640593]
GCCTCCACACATTAAAA	[0.00640593]
GCCTCCAGAGACTTGTA	[0.00640593]
GCCTCCATATACTGGTA	[0.00640593]
GCCTCCATATATCCTTA	[0.00640593]
GCCTCCATATATCCTTA	[0.00640593]
GCCTCCATGCGTCTCCT	[0.00640593]
GCCTCCGTACCCTCACA	[0.00640593]
GCCTCTACGCACCTAAA	[0.00640593]
GCCTCTGTACACCTCAC	[0.00640593]
GCCTTAGCTCAAGTTCC	[6.30586398e-07]
GCCTTCAAACATCTTAG	[0.00640593]
GCCTTCACAAACTACGA	[0.00640593]
GCCTTCAGACATATCAG	[0.00640593]
GCCTTCATAAGCTACGT	[0.00640593]
GCCTTCATGCCTGCCTC	[0.00640593]
GCGACCACACAATCTAA	[0.00640593]
GCGACCATACACCTTGA	[0.00640593]
GCGACCATATACCCCTC	[0.00640593]
GCGACCATATACCCCTC	[0.00640593]
GCGACCATGCATTCTTA	[0.00640593]
GCGACCGGACACCACGT	[0.00640593]
GCGACCGTACATGTGGC	[0.00640593]
GCGATCACTCCCCTCAT	[0.00640593]
GCGATCGTACATTTTGA	[0.00640593]
GCGCACAAATACCCGGC	[0.00640593]
GCGCACAAATACCCGGC	[0.00640593]
GCGCACACACACATATA	[0.00640593]
GCGCACACACACATATA	[0.00640593]
GCGCACAGGCACTTTTT	[0.00640593]
GCGCACATACATGAAAA	[0.00640593]
GCGCAGATACATCAGAA	[0.00640593]
GCGCATATACACCTTGT	[0.00640593]
GCGCCAGTGCACTCCAT	[0.00640593]
GCGCCCACAAATGACCA	[0.00640593]
GCGCCCACACCCCACAC	[0.99997705]
GCGCCCAGGCCCTCTCC	[0.00640593]
GCGCCCATACAGACACT	[0.00640593]
GCGCCCATACATCACAT	[0.99997968]
GCGCCCATGGAGCTGTG	[0.00640593]
GCGCCCATGTTCCTCAG	[0.00640593]
GCGCCCATTCAGGTCTC	[0.00640593]
GCGCCCATTCAGGTCTC	[0.00640593]
GCGCCCCAAGACGTTAT	[0.00640593]
GCGCCCGAGCACGTGAT	[0.00640593]
GCGCCCGCACACCCACC	[0.99997701]
GCGCCCGGGTATTTAAC	[0.00640593]
GCGCCCGTGCAGTCATC	[0.00640593]
GCGCCCTAACATCCGCA	[0.00640593]
GCGCCCTTGGACCTTGA	[0.00640593]
GCGCCTATACATCAGAA	[0.00640593]
GCGCCTGTGCACTACAT	[0.00640593]
GCGCGCAAGCACGTTAC	[0.00640593]
GCGCGCATACATGCGTA	[0.00640593]
GCGCGCATAGACCTCGC	[0.00640593]
GCGCTAACGCACCTGGA	[0.00640593]
GCGCTCACTCCCTTCTC	[0.00640593]
GCGCTCATATACATGGC	[0.00640593]
GCGCTCATATACATGGC	[0.00640593]
GCGCTCATGCCACTGAT	[0.00640593]
GCGCTGACACATCCCGA	[0.00640593]
GCGGACAGGCATCTGAG	[0.00640593]
GCGGACAGGCATCTGAG	[0.00640593]
GCGGACATTTACCCGGA	[1.73446756e-06]
GCGGCCACAGACCACAT	[0.00640593]
GCGGCCACAGACCATAA	[0.00640593]
GCGGCCACGGCCTCTGC	[0.00640593]
GCGGCCACTCACCTTGC	[0.00640593]
GCGGCCAGCCATCTGTT	[0.00640593]
GCGGCCATGCAATTGAG	[0.00640593]
GCGGCCATGCTCGCTTA	[0.00640593]
GCGGCCGCGCACGTGAC	[0.00640593]
GCGGGCATACAGTTCAT	[0.00640593]
GCGTACATACACCAGCA	[0.00640593]
GCGTACGTACCCTTGTG	[0.00640593]
GCGTACGTGCCTCTCAA	[0.00640593]
GCGTACGTGCCTCTCAA	[0.00640593]
GCGTATATATACTACAA	[0.00640593]
GCGTCCAAACATTATTG	[0.00640593]
GCGTCCAAGCACGCCCG	[0.00640593]
GCGTCCAAGCACGCCCG	[0.00640593]
GCGTCCAAGCCATTGAA	[0.00640593]
GCGTCCAAGGATGTTGA	[0.00640593]
GCGTCCAAGTCCTCATG	[0.00640593]
GCGTCCACACCACCTCA	[0.00640593]
GCGTCCACACCTTTAAC	[0.00640593]
GCGTCCACAGCTTCCAT	[0.00640593]
GCGTCCACGCGCTTCTG	[0.00640593]
GCGTCCACTCACCGCAT	[0.00640593]
GCGTCCATATATCCGGA	[0.00640593]
GCGTCCATGCAAACTGA	[0.00640593]
GCGTCCATGGAATCGCC	[0.00640593]
GCGTCCCCGCACGTTGC	[0.00640593]
GCGTCCCTGACCTTGTG	[0.00640455]
GCGTCCCTGCGTCCCAA	[0.00640593]
GCGTCCCTGCGTCCCAA	[0.00640593]
GCGTGCATGCAACTCGT	[0.00640593]
GCGTGCGTCCATCTCGT	[0.00640593]
GCGTTCACACGTCACAC	[0.00640593]
GCGTTCATAAACCTTCC	[0.00640593]
GCTACCGTACAACTTAA	[0.00640593]
GCTCCCACAGACCATGC	[0.00640593]
GCTCCCAGGCACCGCAT	[0.00640593]
GCTCCCATACCATTGCC	[0.00640593]
GCTCCGAAACACCTAAC	[0.00640593]
GCTGACAGACACCTTGC	[0.00640593]
GCTGCCAAGCCCTACGC	[0.00640593]
GCTTACAGTCACTCCGC	[0.00640593]
GCTTACATACACATCGC	[0.00640593]
GCTTCCAAAAACCCCAT	[0.00640593]
GCTTCCAAACATCAGCT	[0.00640593]
GCTTCCAAACATCAGCT	[0.00640593]
GCTTCCAAGAACCTTTA	[0.00640593]
GCTTCCACACATAATAA	[0.00640593]
GCTTCCACTCATTTTAG	[0.00640593]
GCTTCCAGGCATTTTTT	[0.00640593]
GCTTCCAGGCCCCTTTG	[0.00640593]
GCTTCCATACAGCAAAT	[0.00640593]
GCTTCCTCACACCACAT	[0.00640593]
GCTTGCAAACATCTTAG	[0.00640593]
GCTTGCAGACATCACAC	[0.00640593]
GCTTTCAAAAACTTGAA	[0.00640593]
GCTTTCATCCATTTCAC	[0.00640593]
GGAAACATATACCAGGA	[0.00640593]
GGAACCACATACCTGCT	[0.00640593]
GGAACCATAACCTTCAC	[0.00640593]
GGAACCATAGATTCCTG	[0.00640593]
GGAACTATATACCCCAA	[0.00640593]
GGAAGCATGCCCTTTGT	[0.00640593]
GGACACATACCTTTCGA	[0.00640593]
GGACACGCGCATTTCAA	[0.00640593]
GGACACTGACAACGAAT	[0.00640593]
GGACCAAGACACCATAA	[0.00640593]
GGACCAAGACACCATAA	[0.00640593]
GGACCCAAAAACTTTGC	[0.00640593]
GGACCCAAATACTCACA	[0.00640593]
GGACCCAAATACTCACA	[0.00640593]
GGACCCAAATCTCTTAA	[0.00640593]
GGACCCACACATTACCA	[0.99997705]
GGACCCACACATTACCA	[0.99997705]
GGACCCACAGACGCTCA	[0.00640593]
GGACCCAGAGACTCGAG	[0.00640593]
GGACCCAGGCATAGTAC	[0.00640593]
GGACCCATACATCAGGC	[0.99997705]
GGACCCATACGTAAAAA	[0.00640593]
GGACCCATAGGCTCCAA	[0.00640593]
GGACCCATATACTCTCT	[0.00640593]
GGACCCATGCACCACAT	[0.99997705]
GGACCCATGGCCTGCAA	[0.00640593]
GGACCCATTTACCTAAT	[0.00640593]
GGACCCATTTATTCCAA	[0.00640593]
GGACCCGAACACCTTGA	[0.99997511]
GGACCCGGACCTACAAA	[0.00640593]
GGACCCGTAGATTGAGT	[0.00640593]
GGACCCTTACATAGAAA	[0.00640593]
GGACCCTTGCCCATCAC	[0.00640593]
GGACCTAGGCACCTCAT	[0.00640593]
GGACGCAAACGTTCCAA	[0.00640593]
GGACGCACACATCCACT	[0.00640593]
GGACTCAAAAATCCCAA	[0.00640593]
GGACTCATCCACGTTAA	[0.00640593]
GGACTCATCCATAAGAA	[0.00640593]
GGACTCGTACAACTGTC	[0.00640593]
GGACTCGTCCACTTTAC	[0.00640593]
GGAGCCAAGCACCATCG	[0.00640593]
GGAGCCATACACGCGTC	[0.00640593]
GGAGCCATTAACTATAC	[0.00640593]
GGAGCTATACATTTGAA	[0.00640593]
GGAGGCAAACCCTTGAA	[0.00640593]
GGAGTGGTACACTCCGC	[0.00640593]
GGATACAAACACTAAAG	[0.00640593]
GGATACAAACGCCCTTT	[0.00640593]
GGATACACACCTCCCTC	[0.00640593]
GGATACATGCATCTTAT	[0.00640593]
GGATACATGCCCCACCG	[0.00640593]
GGATCAATAACCCCGAT	[0.00640593]
GGATCCAAACACCAAAA	[0.00703533]
GGATCCAAACATGACTA	[0.00640593]
GGATCCAAAGACTCTAG	[0.00640593]
GGATCCACGCCCAATAA	[0.00640593]
GGATCCAGAACCACCCA	[0.00640593]
GGATCCAGGGCTTCTAC	[0.00640593]
GGATCCAGGGCTTCTAC	[0.00640593]
GGATCCATACCCAGACA	[0.00640593]
GGATCCATACGTACAGC	[0.00640593]
GGATCCATACTTACAAT	[0.00640593]
GGATCCATATATGTTAA	[0.00640593]
GGATCCATCAACTTGTT	[0.00640593]
GGATCCATCCAGCTCAG	[0.00640593]
GGATCCATCCAGCTCAG	[0.00640593]
GGATCCGAACATCTCCG	[0.00640593]
GGATCCGCACACATATC	[0.00640593]
GGATCCGCACCCACTTC	[0.00640593]
GGATCCGGGCCTCTTCT	[0.00640593]
GGATCCGTACTCTCCAC	[0.006406]
GGATCCTGGCACAGTAT	[0.00640593]
GGATGCATATAACTGAT	[0.00640593]
GGATGCATATCTTCCAG	[0.00640593]
GGATGCATGCCATACAC	[0.00640593]
GGATGCATTCACTCAAC	[0.00640593]
GGATTAATACCCCTCGG	[0.00640593]
GGATTCAAAACCTTGAA	[0.00640183]
GGATTCATACACATCGT	[0.00640593]
GGATTCATGCATTGGAC	[0.00640593]
GGATTCCTACATACCCA	[0.00640593]
GGCACCATACATATCAT	[0.00640593]
GGCCCCACACAGTTGAC	[0.00640593]
GGCCCCAGACACCGATA	[0.00640593]
GGCCGCACACCCCTTAT	[0.00640593]
GGCCGCGTACATCTGGC	[0.00640593]
GGCCTCAGACTCTCAAA	[0.00640593]
GGCCTGATGCCCTTCGA	[0.00640593]
GGCTAAAAACACTTCAA	[6.30595284e-07]
GGCTACAAACACATTAC	[0.00640593]
GGCTACATAAACATTTA	[6.30586398e-07]
GGCTCCAAACAAGTCGG	[0.00640593]
GGCTCCACGGACCCTGA	[0.00640593]
GGCTCCATAAAACCTGC	[0.00640593]
GGCTCCATGAACACCAC	[0.00640593]
GGCTCCATTCCTTCTTT	[0.00640593]
GGCTCCCAGCCCTTGGA	[0.00640593]
GGCTCCGAACCTATCAA	[0.00640593]
GGCTGCACAAATCCGAT	[7.2366694e-07]
GGCTGCACAAATCCGAT	[7.2366694e-07]
GGCTTCATACACTGTAT	[0.00640593]
GGCTTCATACATAATAA	[0.00640593]
GGGACCAAATACTTCCA	[0.00640593]
GGGACCATACATCAAGA	[0.00640593]
GGGACCATGAATTTGTC	[0.00640593]
GGGACCATGTACCTCCC	[0.00640593]
GGGAGCATGCACCAGAA	[0.00640593]
GGGAGCATGCACCAGAA	[0.00640593]
GGGATCACACACCCCCC	[0.00640593]
GGGATCACACACCCCCC	[0.00640593]
GGGATCATCCACCATGA	[0.00640593]
GGGCAAACACACCTGGT	[0.00640593]
GGGCACAAACCCACGGT	[0.00640593]
GGGCACACACATTTGTT	[0.00640593]
GGGCACAGACATCTGTA	[0.00640593]
GGGCACATGCCACCTGT	[0.00640593]
GGGCCAATACTCCCGAT	[0.00640593]
GGGCCCAAACAGCAGAA	[0.00640593]
GGGCCCAAGCAGTAGAG	[0.00640593]
GGGCCCAAGCAGTAGAG	[0.00640593]
GGGCCCAGACCTTGCAC	[0.00640593]
GGGCCCAGGCCCGTCCG	[0.00640593]
GGGCCCATAAAGTTGTG	[0.00640593]
GGGCCCATACCATTGTT	[0.00640593]
GGGCCCGTAAACCCTTT	[0.00640593]
GGGCCCGTGCCTTCGAC	[0.00640593]
GGGCCGATGCCCCTGAC	[0.00640593]
GGGCCTAGACATCTCAG	[0.00640593]
GGGCCTAGACATCTCAG	[0.00640593]
GGGCCTATACACGTAGC	[0.00640593]
GGGCGCAAACCCTCAAC	[0.00640593]
GGGCTCATAACCCTGAT	[0.00640593]
GGGCTCATAACCCTGAT	[0.00640593]
GGGCTCATAACCCTGAT	[0.00640593]
GGGCTCATGCATTAGAT	[0.00640593]
GGGCTCGAACCCCTAAC	[0.00640593]
GGGCTCGAACCCCTAAC	[0.00640593]
GGGCTCGAACCCCTAAC	[0.00640593]
GGGCTCGAACCCCTAAC	[0.00640593]
GGGCTCGAACCCCTAAC	[0.00640593]
GGGCTCGAACCCCTAAC	[0.00640593]
GGGGCCATACCAGAGAA	[0.00640593]
GGGGCCGCACACGTCCC	[0.00640593]
GGGGCCGCACACGTCCC	[0.00640593]
GGGGGCAGACCCTACGG	[0.00640593]
GGGTACATTCACCTTGG	[0.00640593]
GGGTACATTCACCTTGG	[0.00640593]
GGGTCCAAACCTATTAA	[0.00640593]
GGGTCCAAACTCATCTT	[0.00640593]
GGGTCCAAAGACTTGGG	[0.00640593]
GGGTCCAAATACGCTTC	[0.00640593]
GGGTCCAAGCCCTTAAA	[0.00640593]
GGGTCCACAGACATTAT	[0.00640593]
GGGTCCACATATCTCCA	[0.00640593]
GGGTCCACTTACCCCTC	[0.00640593]
GGGTCCATACTCCTGGG	[0.00640593]
GGGTCCATATCATCGCC	[0.00640593]
GGGTCCGCACCTTCCCA	[0.00640593]
GGGTCCGTACAGCTAAT	[0.00640593]
GGGTCCGTACCCGCTTA	[0.00640593]
GGGTGCATACAACTCGA	[0.00640593]
GGGTGCCTACACATCAT	[0.00640593]
GGGTGGGCACACCTCAA	[0.00640593]
GGGTTCAAAGATTCTGA	[0.00640593]
GGGTTCAAGAATTCCTC	[0.00640572]
GGGTTCACAAATCTGGA	[0.00640593]
GGGTTCACAGACACAAA	[0.00640593]
GGGTTCATAAACGTATA	[0.00640593]
GGTACCATACCCCTCGG	[0.00640593]
GGTCCCAAACATCAGGG	[0.00640593]
GGTCCCGTACACCCCGG	[0.00640595]
GGTTACAAAAACTTCAA	[6.30586398e-07]
GGTTCCAAACATGTCAG	[0.00640593]
GGTTCCATACACGGTAT	[0.00640593]
GGTTCCATATCCAAGAA	[0.00640593]
GGTTGCATACATCTGGC	[0.00640593]
GGTTTCAAACCCGAGAA	[0.00640593]
GGTTTCACGCATCCCGT	[0.00640593]
GTAACAATACCCTCGAA	[0.00640593]
GTAACCACACACTCTTT	[0.00640593]
GTAACCATACACTTTTT	[0.00640593]
GTAACCATACACTTTTT	[0.00640593]
GTAACCATACGCTCTAA	[0.00640593]
GTAACCATTGACTCCGA	[0.00640593]
GTAATCATACACGTGAA	[0.00640593]
GTACACAAACACCCGCT	[0.00640593]
GTACACATACAACATGA	[0.00640593]
GTACCAAAACACCCCAT	[0.00640593]
GTACCCAGGCGCTACTA	[0.00640593]
GTACCCATACCGTACTT	[0.00640593]
GTACCCATGCATATTAG	[0.00640593]
GTACCCATGGATGCTGA	[0.00640593]
GTACCCCCACCCCCTAT	[0.00640593]
GTACCCGTACATCTTGG	[0.99997698]
GTACCGATACATCCTCT	[0.00640593]
GTACGCAAGCATCCCGC	[0.00640593]
GTACTGGGACATCGCAT	[0.00640593]
GTAGCCAAGCACATGGA	[0.00640593]
GTAGCCACACCCTTCGC	[0.00640593]
GTAGCCATACCAACCAA	[0.00640593]
GTATACAGACACCATTC	[0.00640593]
GTATACATACAACAGGT	[0.00640593]
GTATCAACACACCAGGT	[0.00640593]
GTATCAATAAACTTCCC	[0.00640593]
GTATCCAGACATAATGC	[0.00640593]
GTATCCAGACATGGCCG	[0.00640593]
GTATCCAGATATTTCAC	[0.00640593]
GTATCCATGGTCTCGAA	[0.00640593]
GTATCCATTCCGTCCTC	[0.00640593]
GTATCCTGACCTTACTT	[0.00640593]
GTATGCATACATATGTA	[0.00640593]
GTATTCAAGAACTTGAA	[0.00640593]
GTATTCATGCCACTCGT	[0.00640593]
GTATTCATGCCACTCGT	[0.00640593]
GTCACCAGGCACGTCGA	[0.00640593]
GTCCACATACACCTCTC	[0.00640593]
GTCCCCATCCATTTCAT	[0.00640593]
GTCCCCATGCATTCTAC	[0.00640593]
GTCCGCGTACACTCAGA	[0.00640593]
GTCGCCATACACACGAT	[0.00640593]
GTCGTCATACACTCCTC	[0.00640593]
GTCTCCACACCTCCGCT	[0.00640593]
GTCTCCAGACACTGCTC	[0.00640593]
GTCTCCATGTATTTGGC	[0.00640593]
GTCTGCAGACATCTCAC	[0.00640593]
GTCTTCAAACACATTTC	[0.00640593]
GTCTTCAAACACATTTC	[0.00640593]
GTCTTCAAACACATTTC	[0.00640593]
GTCTTCATGCACTTCCT	[0.00640593]
GTCTTCATGCACTTCCT	[0.00640593]
GTGACCACGCACTTTTT	[0.00640593]
GTGACCACGCACTTTTT	[0.00640593]
GTGACCAGGCACGCGGA	[0.00640593]
GTGACCATCAACCAGGA	[0.00640593]
GTGACCATGGACCTGTC	[0.00640593]
GTGAGCATCCACCTCAA	[0.00640593]
GTGCCCAAACACGGGAT	[0.00640593]
GTGCTAATGCACTCGCA	[0.00640593]
GTGCTCATCCTCCCCAA	[0.00640593]
GTGTACATACATTATTC	[0.00640593]
GTGTACATACATTATTC	[0.00640593]
GTGTCCAAATACCAGGA	[0.00640593]
GTGTCCATGACCTTAGG	[0.00640593]
GTGTCCATGCACTTTAA	[0.00640593]
GTGTCCATTCACTCATA	[0.00640593]
GTGTCCATTCATCTCAT	[0.00640593]
GTGTCCGTGCATAACGA	[0.00640593]
GTGTCCTTGTACTTCAA	[0.00640593]
GTGTCTATACACCTGGT	[0.00640593]
GTGTGCAAACACCAGCT	[0.00640593]
GTGTGCAAACACCAGCT	[0.00640593]
GTGTGCAAACCTTCGTC	[0.00640593]
GTGTGCATATCCTCGTA	[6.3058762e-07]
GTGTTCATAAACGTGGT	[0.00640593]
GTTCCCGAACACTCCTC	[0.00640593]
GTTGCCATACACTATGT	[0.00640593]
GTTTCCAAACCTCCCAA	[0.00640593]
GTTTCCACACCCGTGAT	[0.00640593]
GTTTCCATTCACTTCAC	[0.00640593]
GTTTCCGCGCACCTTTT	[0.00640593]
TAAACAATACACTTTAA	[0.00640593]
TAAACCAAAAACCACGA	[0.00640593]
TAAACCAAACACAGGAA	[0.00640593]
TAAACCAGAGACTCCGA	[0.00640593]
TAAACCATTCATTACAC	[0.00640593]
TAACACAAACAACTTGC	[0.00640593]
TAACACAAGCATCCAAA	[0.00640593]
TAACACATGCTCTTCCA	[0.00640593]
TAACACATTAACTCGAA	[0.00640593]
TAACCAAAGCACTCCAA	[0.00640593]
TAACCAGTACCTAGGCT	[0.00640593]
TAACCCAAACACCGAAG	[0.00640593]
TAACCCAAGACCCCATT	[0.00640593]
TAACCCAAGCATCAATT	[0.00640593]
TAACCCACACAAAACTT	[0.00640593]
TAACCCACACAACATAA	[0.00640593]
TAACCCACACACCGCAT	[0.99997705]
TAACCCACACACCTCTC	[0.99997597]
TAACCCACACTTAAACT	[0.00640593]
TAACCCACCCACTGTAT	[0.00640593]
TAACCCACTCACATTGC	[0.00640593]
TAACCCACTCACATTGC	[0.00640593]
TAACCCAGACATGATGA	[0.00651788]
TAACCCAGGTCCTTCAA	[0.00640593]
TAACCCATACATTCGTT	[0.00641604]
TAACCCATCCCTCAAAA	[0.00640593]
TAACCCATGCCCTGTTG	[0.00640593]
TAACCCATTCATGAGAT	[0.00640593]
TAACCCCGACATTTCAA	[0.00640593]
TAACCCGAACACTACCA	[0.00680441]
TAACCCGGACCTCCATT	[0.00640593]
TAACCCGTATCTCTGAC	[0.00640593]
TAACCCTGACACGGTAG	[0.00640593]
TAACCCTTACCTCACGA	[0.00640613]
TAACTCAAACATCTGCA	[0.00640593]
TAACTCAGGCCCCTTTC	[0.00640593]
TAACTCATACATTGCCT	[0.00640593]
TAACTCATACTCTAATA	[0.00640593]
TAAGACATGCATTTGAA	[0.00640593]
TAAGCCAAAGACACCGG	[0.00640593]
TAAGTCATACACGTAAT	[0.00640593]
TAATACAAACATTTGTA	[0.00640593]
TAATACACACATGTGTC	[0.00640593]
TAATACAGACACCATAA	[0.00640593]
TAATACATACAACTTAG	[0.00640593]
TAATACATACCCCACTC	[0.00640593]
TAATACATACCCCACTC	[0.00640593]
TAATACATGCATCTATT	[0.00640593]
TAATACATGTACAAGGC	[0.00640593]
TAATCAAAGCACTTAAA	[0.00640593]
TAATCAATGCACTCCCC	[0.00640593]
TAATCCAAAAATTTCAA	[0.00640593]
TAATCCAAACATTGTGC	[0.00640593]
TAATCCAAACCTTTACT	[0.00640593]
TAATCCAAGCTCTCTAA	[0.00640593]
TAATCCACACGTACCCA	[0.00640593]
TAATCCATAAACCAGTT	[0.00640593]
TAATCCATACATTGTTC	[0.00640593]
TAATCCATACCGTACTT	[0.00640593]
TAATCCATGCAATTCAC	[0.00640593]
TAATCCATTCACCTTTC	[0.00640593]
TAATCCGAAAACTCAGC	[0.00640593]
TAATCCGGACATGTGTA	[0.00640593]
TAATCCGGACCTGATTT	[0.00640593]
TAATCCGTAAAGCCGAC	[0.00640593]
TAATCCGTACACCACAT	[0.99997705]
TAATCCGTACACCGCGC	[0.99997705]
TAATCCGTAGACTCCCA	[0.00640593]
TAATCCGTCCCCTACTC	[0.00640593]
TAATCCTGACACCACAT	[0.00640593]
TAATCCTGACGTTATGT	[0.00640593]
TAATCCTTACATTTCAG	[0.00640593]
TAATCGACACACCGCCC	[0.00640593]
TAATCTATACATCCCGC	[0.00640593]
TAATGCAAAAACTCCTC	[0.00640593]
TAATGCAAACACAAGGG	[0.00640593]
TAATGCACTCACCTCGT	[0.00640593]
TAATGCATCCACTCCGG	[0.00640593]
TAATGCATCCACTCTAG	[0.00640593]
TAATGCGAACACTTTAG	[0.00640593]
TAATGCTTACATCGTAT	[0.00640593]
TAATGCTTACATCGTAT	[0.00640593]
TAATGCTTACATCGTAT	[0.00640593]
TAATGCTTACATCGTAT	[0.00640593]
TAATTCAAGAACTTCAA	[0.00640593]
TAATTCACACATATGGA	[0.00640593]
TAATTCACACATATGGA	[0.00640593]
TAATTCATAAACCAAAT	[0.00640593]
TAATTCATGCCCGTATC	[0.00640593]
TAATTCATGCCCGTATC	[0.00640593]
TACACCACACAACTGGA	[0.00640593]
TACACCATAAACTTCAC	[0.00640593]
TACAGCAGACACCTTGT	[0.00640593]
TACATCAAGCACTTAAA	[6.30586398e-07]
TACCATATACCCCTCAA	[0.00640593]
TACCCAATACCCTCTAC	[0.00640593]
TACCCCAAACACCGATC	[0.00640593]
TACCCCATACCACTCAA	[0.00640593]
TACCCCATACCCAGGTG	[0.00640593]
TACCCCGTCCATTGAGT	[0.00640593]
TACCCCTCACGTCGTCT	[0.00640593]
TACCCCTTACCTCTCGC	[0.00640593]
TACCGCAAGCACATGAA	[0.00640593]
TACCGCATACATTCGAA	[0.00640593]
TACGCCACACGCCCGAA	[0.00640593]
TACGCCATGAACTCCTC	[0.00640593]
TACTACATACTCTTTTC	[6.30613588e-07]
TACTACTTACACCTGAC	[0.00640593]
TACTCAAGACACTCCTG	[0.00640593]
TACTCCACAACCCTTGT	[0.00640593]
TACTCCACAACCCTTGT	[0.00640593]
TACTCCACACACCTCTT	[0.00640593]
TACTCCACCCACTCTTC	[0.00640593]
TACTCCAGACATTTACT	[0.00640593]
TACTCCAGACATTTACT	[0.00640593]
TACTCCATACCCCTCAG	[0.00640593]
TACTCCATCCCTTCGTC	[0.00640593]
TACTCCATCCCTTCGTC	[0.00640593]
TACTCCATGCAAGTCAG	[0.00640593]
TACTCCATTCATTACAA	[0.00640593]
TACTCCCCACACTTCAG	[0.00640593]
TACTCCGGACATTTTAG	[0.00640593]
TACTGCAAGCACTTTTA	[0.00640593]
TACTTCATATACCTGTA	[0.00640593]
TACTTCATATACTTTTC	[0.00640593]
TAGACCACACATCTGCT	[0.00640593]
TAGACCACACGCCCGTA	[0.00640593]
TAGACCATGCAGCTTCC	[0.00640593]
TAGAGCAGACACCTGAT	[0.00640593]
TAGATCAAGCACGTGTA	[6.30586398e-07]
TAGCACACACACCTGTT	[0.00640593]
TAGCACATGAACCCGCT	[0.00640591]
TAGCCCAAACAACCCAA	[0.00640593]
TAGCCCACACATCTGAT	[0.00640593]
TAGCCCAGAGCCCTCTT	[0.00640593]
TAGCCCATACAACCTGA	[0.00640593]
TAGCCCATACACCGCGT	[0.99997592]
TAGCCCATACCCTACAC	[0.04460845]
TAGCCCATACCCTACAC	[0.04460845]
TAGCGCATACACACAAC	[0.00640593]
TAGCGCATACATCTGAT	[0.00640593]
TAGCGCGCACATTCGAC	[0.00640593]
TAGCTCATATATTCTTA	[0.00640593]
TAGCTCGTGCATTTCAG	[0.00640593]
TAGGCCAGACATTTTTT	[0.00640593]
TAGGCCGTACACTTTAT	[0.00640593]
TAGGTCAAGAACCTCCA	[6.30586398e-07]
TAGGTCATACCCTTTAA	[0.00640593]
TAGTACATACAAACTAA	[0.00640593]
TAGTACATACGTCTTGC	[0.00640593]
TAGTACATTCCCCTCTT	[0.00640593]
TAGTCCACACTTCCAAC	[0.00640593]
TAGTCCATAAAACCATA	[0.00640593]
TAGTCCATAAATCCTCT	[0.00640593]
TAGTCCATACCTACACT	[0.00640593]
TAGTCCATCAATCTCAT	[0.00640593]
TAGTCCATGTACTCCAC	[0.00640593]
TAGTCCGTACAACATTA	[0.00640593]
TAGTCCTCACACTTCTA	[0.00640593]
TAGTCCTTGCATTTCGC	[0.00640593]
TAGTCGATAACCTCGGA	[6.30586398e-07]
TAGTCGATAACCTCGGA	[6.30586398e-07]
TAGTGCAAAACCTCCTA	[6.30586398e-07]
TAGTGCACAAACTTGTT	[6.30586398e-07]
TAGTGCAGATACTCGTA	[6.49141131e-07]
TAGTTCACACCATCGAT	[0.00640593]
TAGTTCATTCACTCTTT	[0.00640593]
TAGTTCCAACCCTCCGC	[0.00640593]
TATAACATACATTTCAA	[0.00640593]
TATCCCACACCTCTTGC	[0.00640593]
TATCCCAGACATCAAAT	[0.00640593]
TATCCCTTGCCTCGTCT	[0.00640593]
TATTACATACATTTTGA	[0.00640593]
TATTCCATACCTCAAAA	[0.00640593]
TATTCCATATACTTTGA	[0.00640593]
TATTCTATACACCTGGT	[0.00640593]
TATTGCATGCCCTCTAC	[0.00640593]
TATTGCGTACACCTGTC	[0.00640593]
TATTTCATAGACCTCGT	[0.00640593]
TCAAACACAAACCCCAA	[0.00640593]
TCAAACACAAACCCCAA	[0.00640593]
TCAAACACAAACCCCAA	[0.00640593]
TCAAACATACACTATTA	[0.00640593]
TCAAACATATCCCTCAA	[0.00640593]
TCAACAACACACTCTGC	[0.00640593]
TCAACAATAAACTTGAA	[0.00640593]
TCAACAATACCCCTGGA	[0.00640593]
TCAACCAAAAATGCGAA	[0.00640593]
TCAACCAAGCCCCCACA	[0.00640593]
TCAACCAAGCTTTCGAA	[0.00640593]
TCAACCACAAACTTTGA	[0.00640593]
TCAACCACAAATGTCAA	[0.00640593]
TCAACCACAAATGTCAA	[0.00640593]
TCAACCATACCTGCTAT	[0.00640593]
TCAACCATATATATTAT	[0.00640593]
TCAACCATCAATTTGAA	[0.00640593]
TCAACCATGATCCCTGA	[0.00640593]
TCAACCATGCACTTTAG	[0.00640593]
TCAACCATTCCTTACAT	[0.00640593]
TCAACCGTACACGCGGT	[0.00640593]
TCAACCGTACACGCGGT	[0.00640593]
TCAACCTGACAAAGCAT	[0.00640593]
TCAAGCAGAAACTTCGT	[0.00635848]
TCAAGCATTCCCTCCAT	[0.00640593]
TCAAGCGTACATCTGCA	[0.00640593]
TCAAGCGTGCACCTTCA	[0.00640593]
TCAAGCGTGCACCTTCA	[0.00640593]
TCAATCAAGCATCTCAT	[0.00640593]
TCAATCACACAACCGGG	[0.00640593]
TCACACAAACACCTGTA	[0.00640593]
TCACACAAACACCTGTA	[0.00640593]
TCACACAAACATCGCTT	[0.00640593]
TCACACAGACAGCTCAT	[0.00640593]
TCACACATACACTCCGA	[0.00640593]
TCACACATACACTCCGA	[0.00640593]
TCACACGTGCACACAAT	[0.00640593]
TCACAGATACACTTGAG	[0.00640593]
TCACCAAAGCATTGCCC	[0.00640593]
TCACCAACACATTCTAA	[0.00640593]
TCACCAATGCACTCAAC	[0.00640593]
TCACCAATGCACTCAAC	[0.00640593]
TCACCAATGCCCTTAAA	[0.00640593]
TCACCATCACACCGCGC	[0.00640593]
TCACCATCACACCGCGC	[0.00640593]
TCACCATCGCATCGCAA	[0.00640593]
TCACCCAAACAACTCAA	[0.00643977]
TCACCCAAACATAATAC	[0.99997705]
TCACCCAAACATAGCAC	[0.99997705]
TCACCCAAACTTTCCGT	[0.00640593]
TCACCCAAGCATATCCA	[0.00640593]
TCACCCAAGCTCTCAAA	[0.00640593]
TCACCCACACTTAGATT	[0.00640593]
TCACCCACATATTTGAC	[0.00640593]
TCACCCACGCATTACCC	[0.99997705]
TCACCCAGACACCAAAT	[0.99997705]
TCACCCAGACATTTTGT	[0.99997705]
TCACCCAGACCTCCGTT	[0.02656066]
TCACCCAGTCATCCAAC	[0.37211983]
TCACCCATAAAGCCCAT	[0.00640593]
TCACCCATACACCCGCC	[0.99997705]
TCACCCATACACCCGCC	[0.99997705]
TCACCCATACAGCCTAC	[0.99997705]
TCACCCATACATAACAT	[0.99997705]
TCACCCATACATACCAC	[0.99997705]
TCACCCATACATCACTC	[0.99997705]
TCACCCATACCCACCAG	[0.99997705]
TCACCCATACCGTCATA	[0.00640593]
TCACCCATACCTCAACT	[0.99997705]
TCACCCATACTTTCTGA	[0.9999701]
TCACCCATATCCAACTT	[0.00640593]
TCACCCATGCACCATTG	[0.99997705]
TCACCCATTGACTCTAT	[0.00640593]
TCACCCCGGCACCGCCA	[0.00640593]
TCACCCGAGGACCCCAT	[0.00640593]
TCACCCGAGGACCCCAT	[0.00640593]
TCACCCGGAAACCACAC	[0.00640593]
TCACCCGGAAACCACAC	[0.00640593]
TCACCCGGACCCCCGTT	[0.00641287]
TCACCCGTACATATGCT	[0.00716974]
TCACCCGTACATATGCT	[0.00716974]
TCACCCGTACATTTTAC	[0.99997705]
TCACCCGTACATTTTTA	[0.99997705]
TCACCCGTACGAGTATT	[0.00640593]
TCACCCGTAGATGCGGT	[0.00640593]
TCACCCTAACACCAAGT	[0.00640593]
TCACCCTCACACAGTAA	[0.00640593]
TCACCCTCACACAGTAA	[0.00640593]
TCACCCTCGCCTGCCGT	[0.00640593]
TCACCCTTACCCATGGC	[0.00640593]
TCACCCTTGCATTTGTT	[0.00640593]
TCACCGGTACATAGAGC	[0.00640593]
TCACCGGTACATAGAGC	[0.00640593]
TCACCGGTACATAGAGC	[0.00640593]
TCACCTAGACCTAATAT	[0.00640593]
TCACGCAAATCCTCGAC	[0.00640593]
TCACGCAGACATCTTTC	[0.00640593]
TCACGCAGACATCTTTC	[0.00640593]
TCACGCATACAAGCGAA	[0.00640593]
TCACGCATACAGGCAAC	[0.00640593]
TCACTAATACACTACCA	[0.00640593]
TCACTCAAACATCAAAA	[0.00640593]
TCACTCAAACCCACTAT	[0.00640593]
TCACTCAAACCCACTAT	[0.00640593]
TCACTCAAGTACTACAA	[0.00640593]
TCACTCACACAAGCCTT	[0.00640593]
TCACTCACACATCACAT	[0.00640599]
TCACTCAGACACACCTA	[0.00640593]
TCACTCAGACACACCTA	[0.00640593]
TCAGACAAGCACTCAAT	[0.00640593]
TCAGACATACATATCGC	[0.00640593]
TCAGCCAAACACCTTTT	[0.00640593]
TCAGCCAAAGACTCATC	[0.00640593]
TCAGCCAAGCATCTGTA	[0.00640593]
TCAGCCACACCGTAGAC	[0.00640593]
TCAGCCATAACCGTGAA	[0.00640593]
TCAGCCATACCAGTGAC	[0.00640593]
TCAGCCATACCCCAGAA	[0.00640593]
TCAGCCGTCCATCTCAA	[0.00640593]
TCAGGCAAACACCAAAA	[0.00640593]
TCAGGCAAGGACTCGAA	[6.30586398e-07]
TCAGGCACAAACTCCGC	[0.00640593]
TCAGGCACACAACCCAA	[0.00640593]
TCATACAAACACATTGA	[0.00640593]
TCATACAAACACATTGA	[0.00640593]
TCATACAAACCCAACAA	[0.00640593]
TCATACACACATGTATA	[0.00640593]
TCATACAGACATTTGCT	[0.00640593]
TCATACATACAAGACAT	[0.00640593]
TCATACATACACTATAT	[0.00640593]
TCATACATACCCATCTC	[0.00640593]
TCATACATTCCTTACAA	[0.00640593]
TCATCAACGAACTACAA	[0.00640593]
TCATCAATATACTTGAA	[0.00640593]
TCATCAATGAACTTGAA	[0.00640593]
TCATCAGCTCATCGCAT	[0.00640593]
TCATCCAAACACTGCAC	[0.99997705]
TCATCCAAACCGTTTGC	[0.00640593]
TCATCCAAAGATAAGGA	[0.00640593]
TCATCCAAATCCCTCTC	[0.00640593]
TCATCCAACCCCAATGC	[0.00640593]
TCATCCAAGCACACTAA	[0.00640593]
TCATCCACAAAACCGTA	[0.00640593]
TCATCCACAAATTTAAC	[0.00640593]
TCATCCACACACCGCAT	[0.99997705]
TCATCCACACACCGCGC	[0.99997705]
TCATCCACACACCGCGC	[0.99997705]
TCATCCACACCCCTCTC	[0.00840133]
TCATCCACACCCTCACC	[0.00640593]
TCATCCACACCTGAAAT	[0.00640593]
TCATCCACCCAAATCAA	[0.00640593]
TCATCCACCCATTTCTT	[0.00640593]
TCATCCACGCAACTTTT	[0.00640593]
TCATCCACGCCCAGAAA	[0.00640593]
TCATCCACTCCTCCGAG	[0.00640593]
TCATCCAGAAACGACAT	[0.00640593]
TCATCCAGACAACATAA	[0.00640594]
TCATCCAGACACATTCT	[0.00640593]
TCATCCAGACAGGACAA	[0.00640593]
TCATCCAGACCATCCAA	[0.00640593]
TCATCCAGACGTCTGAT	[0.00640593]
TCATCCAGAGATCTTAC	[0.00640593]
TCATCCAGAGCTTTAGA	[0.00640593]
TCATCCAGAGCTTTCTA	[0.00640593]
TCATCCAGCCACTCTCT	[0.00640593]
TCATCCATAAACTTGTC	[0.00640593]
TCATCCATAAAGTTTTA	[0.00640593]
TCATCCATAAATTCGTA	[0.00640593]
TCATCCATACAACAGAC	[0.00791]
TCATCCATACACCCTGA	[0.99997705]
TCATCCATACCCACAGC	[0.00644732]
TCATCCATACGCAAGAC	[0.00640593]
TCATCCATAGATCTGGT	[0.00640593]
TCATCCATCCCCGCTCG	[0.00640593]
TCATCCATCGACTAGTA	[0.00640593]
TCATCCATGAGCGCCAT	[0.00640593]
TCATCCATGCACCAATG	[0.00640593]
TCATCCATGCAGATTTT	[0.00640593]
TCATCCATGCTATAGTA	[0.00640593]
TCATCCATTCATTGGAG	[0.00640593]
TCATCCATTCCTTAGCA	[0.00640593]
TCATCCATTCTCTTAGC	[0.00640593]
TCATCCGCACGTGGCTG	[0.00640593]
TCATCCGCGCCCACTAC	[0.00640593]
TCATCCGGAAACTCCAG	[0.00640593]
TCATCCGTACGTTTTGC	[0.0064075]
TCATCCGTACGTTTTGC	[0.0064075]
TCATCCGTATACACTGC	[0.00640593]
TCATCCGTATATCTTTC	[0.00640593]
TCATCCGTATATTTTAC	[0.00640593]
TCATCCTCTCGTCGTCT	[0.00640593]
TCATCCTGACATCCAGC	[0.00640593]
TCATCCTTACATTGTCG	[0.00640593]
TCATCCTTGCATTACCC	[0.00640593]
TCATCGAAACGCCTCAA	[0.00640593]
TCATCGAGACCTTTGAA	[0.00640593]
TCATCGATAAACGTTAC	[0.00640593]
TCATCGATAAACGTTAC	[0.00640593]
TCATCGATACCTACAAC	[0.00640593]
TCATCGCTACACGTCGA	[0.00640593]
TCATCTATCCCCTTCCA	[0.00640593]
TCATGCAAGCAATCTTC	[0.00640593]
TCATGCAAGCCATCTGA	[0.00640593]
TCATGCAGACCCTCAAG	[0.00640593]
TCATGCATGAACTTAAC	[0.00640593]
TCATGCATGACCTCTGG	[0.00640593]
TCATGCATGCATCACAT	[0.00640593]
TCATGGAGGCACCTGAT	[0.00640593]
TCATGGATATACCTCTA	[0.00640593]
TCATTCAAAAACCGCAA	[0.00640593]
TCATTCAAGCAGCTAAT	[0.00640593]
TCATTCACACAAATCAT	[0.00640593]
TCATTCACACAACTCCT	[0.00640593]
TCATTCACAGACACGTT	[0.00640593]
TCATTCAGACCCCAGTG	[0.00640593]
TCATTCATAAATCCACT	[0.00640593]
TCATTCATAACTTTCAT	[0.00640593]
TCATTCATACAACTGTT	[0.00640593]
TCATTCATACAGGAGGA	[0.00640593]
TCATTCATACATCCCCT	[0.00640593]
TCATTCATACGTTCGTT	[0.00640593]
TCATTCATCCATTTCTT	[0.00640593]
TCATTCATGCCATACTA	[0.00640593]
TCATTCATGTCCTTGGA	[0.00640593]
TCATTCATTCATTTAGA	[0.00640593]
TCATTCATTCATTTAGA	[0.00640593]
TCATTCGCGCATTTCAA	[0.00640593]
TCATTCGGACAATTTAT	[0.00640593]
TCATTCGTAGACTCGAT	[0.00640593]
TCATTCTCGCACCTTCA	[0.00640593]
TCCACCAAGAACTCCAA	[0.00640593]
TCCACCAATCACACGGC	[0.00640593]
TCCACCATAGACTTGGC	[0.00640593]
TCCAGCAAACCCCATAA	[0.00640593]
TCCATCAAATACCCGTA	[6.30586398e-07]
TCCCCCAAGAACGTCGA	[0.00640593]
TCCCCCACACATGGTTT	[0.00640593]
TCCCCCAGACACCACCT	[0.99997621]
TCCCCCAGGCCTATCTT	[0.00640593]
TCCCCCATGCACACCAT	[0.00640593]
TCCCCCATTCATAACTA	[0.00640593]
TCCCCCCTGCATTCCCA	[0.00640593]
TCCCCCGTGCCTTACCA	[0.00640593]
TCCCGCAGACACGCTAA	[0.00640593]
TCCCTCAAAAACTCTAC	[0.00640593]
TCCCTCATACACTATTG	[0.00640593]
TCCGCCATATACTCGAA	[0.00640593]
TCCGCCATTCAATCCGC	[0.00640593]
TCCTACATCCACTAGAA	[0.00640593]
TCCTCCAAACCCTGCAC	[0.00640593]
TCCTCCAAGAGCTCCCT	[0.00640593]
TCCTCCAATAACTCGCT	[0.00640593]
TCCTCCAATCACTTTTC	[0.00640593]
TCCTCCAATCACTTTTC	[0.00640593]
TCCTCCACAAACTTGAC	[0.00640593]
TCCTCCACGAACTTCCT	[0.00640593]
TCCTCCAGACAATTTAT	[0.00640593]
TCCTCCAGGCATACCTC	[0.00640593]
TCCTCCAGGCATTTCGT	[0.00640593]
TCCTCCAGGCCCAATTC	[0.00640593]
TCCTCCATACAGTGCAG	[0.00640593]
TCCTCCATACATACATT	[0.00640593]
TCCTCCATACCATTCTT	[0.00640593]
TCCTCCATATACAACGG	[0.00640593]
TCCTCCCCACACTACCA	[0.00640593]
TCCTCCGCACATACAGT	[0.00640593]
TCCTCCGCCCACTTGTA	[0.00640593]
TCCTCGAAGCACTATGA	[0.00640593]
TCCTGCAAAAACTTTAT	[6.30586398e-07]
TCCTGCAAACATTGCAC	[0.00640593]
TCCTGCATACCCCAGCA	[0.00640593]
TCCTGCATACCCCTCAT	[0.00640593]
TCCTGCATTCACCATCT	[0.00640593]
TCCTTCAAAAATTCTAA	[0.00640593]
TCCTTCATACCAGCCAA	[0.00640593]
TCCTTCATAGCCCTTTC	[0.00201409]
TCCTTCATGGATTTCAA	[0.00640593]
TCCTTCGCACATTTCAA	[0.00640593]
TCCTTCGTGACCTCGGA	[6.30586398e-07]
TCCTTGATACACATGAC	[0.00640593]
TCCTTTATACACTACTT	[0.00640593]
TCGACCAAACAGCTTAT	[0.00640593]
TCGACCACAGATCTTGA	[0.00640593]
TCGACCATAGATTCGAC	[0.00640593]
TCGACCATGCACGTCCA	[0.00640593]
TCGACCATGCACGTCCA	[0.00640593]
TCGACCTTGCACTCCCG	[0.00640593]
TCGATCATATACTAGAA	[0.00640593]
TCGCACACACAACCAAT	[0.00640593]
TCGCACACACAACCTAA	[0.00640593]
TCGCACACACCCTCTCC	[0.00640593]
TCGCCCAAAAAAATCAT	[0.00640593]
TCGCCCAAACCTCTTCT	[0.00640593]
TCGCCCAAACCTTCTAG	[0.00640593]
TCGCCCACACGTTCCCT	[0.00640593]
TCGCCCACACGTTCCCT	[0.00640593]
TCGCCCAGACATGCGCC	[0.00640593]
TCGCCCATATCTCTCGA	[0.00640593]
TCGCCCATTCATCTGAC	[0.00640593]
TCGCCCGGACATCACCC	[0.99997705]
TCGCCCGGGCATTTCGT	[0.00640593]
TCGCCCGGGCATTTCGT	[0.00640593]
TCGCCCTCACATTCCAA	[0.00640593]
TCGCCCTTACATTTGCC	[0.00640593]
TCGCCGAGACCCTTTTA	[0.00640593]
TCGCGCATAGCCACGAT	[2.27980262e-05]
TCGCTCATAAACCCCAG	[0.00640593]
TCGCTCATAAACCCCAG	[0.00640593]
TCGCTCATATTCTCCAC	[0.00640593]
TCGGCCAAAAACCTTGA	[0.00640593]
TCGGCCAAACAACCAAT	[0.00640593]
TCGGCCAACCCTCCGTA	[0.00640593]
TCGGCCAACCCTCCGTA	[0.00640593]
TCGGCCACACCGCTCAT	[0.00640593]
TCGGCCAGGCATCATAT	[0.00640593]
TCGGCCAGGGACTTGTT	[6.3062327e-07]
TCGGCCATAAAACTCAT	[0.00640593]
TCGGTCATACATACGTA	[0.00640593]
TCGTACAAAGACCTCTC	[0.00640593]
TCGTACAAAGACCTCTC	[0.00640593]
TCGTACATACCGGCCTC	[0.00640593]
TCGTACATATACTTCAA	[0.00640593]
TCGTCCAAACAACGCCA	[0.00640593]
TCGTCCAAACACAAAAG	[0.00640593]
TCGTCCAAGAACTCAAA	[0.00640593]
TCGTCCACACCAGCGTC	[0.00640593]
TCGTCCACATACTTGTT	[0.00640593]
TCGTCCACGCCTGTCGT	[0.00640593]
TCGTCCACGCTCCTTAA	[0.00640593]
TCGTCCACGTACGTTAC	[0.00640593]
TCGTCCATACATCATAA	[0.99997705]
TCGTCCATACATGACTC	[0.00640689]
TCGTCCATAGCTCTCAG	[0.00640593]
TCGTCCATTCCCTTGTT	[0.00640593]
TCGTCCGTACATTGGGA	[0.00640593]
TCGTCCGTGCAGCTCTC	[0.00640593]
TCGTCCGTGCAGCTCTC	[0.00640593]
TCGTCCGTGCAGCTCTC	[0.00640593]
TCGTCCTCACATCGTAT	[0.00640593]
TCGTCCTTAGACTTGAA	[0.00640593]
TCGTCGAGCCACGCCAA	[0.00640593]
TCGTCTATAAACTTCAA	[0.00640593]
TCGTGCAAGGACTTCTC	[6.30586398e-07]
TCGTGCATGCCTCTTAA	[0.00640593]
TCGTGCCTACACGCGCA	[0.00640593]
TCGTTAAAGCACCAGAA	[0.00640593]
TCGTTCAAAAACAAGAA	[0.00640593]
TCGTTCACACAGCCGTT	[0.00640593]
TCGTTCACATACCTTGC	[0.00640593]
TCGTTCACGCACTAAAG	[0.00640593]
TCGTTCAGGCCCGTGTA	[0.00640593]
TCGTTCATTCGCTTCTA	[0.00640593]
TCTACCAAACACCTAAT	[0.00640593]
TCTACCATCCACTTCTC	[0.00640593]
TCTCCCAAACCCGACCA	[0.00640593]
TCTCCCAGATACCTGAA	[0.00640593]
TCTCCCATACACACTCT	[0.00640593]
TCTCCCATACACACTCT	[0.00640593]
TCTCCCATACCATCGAA	[0.00640593]
TCTCCCATTCACTACTT	[0.00640593]
TCTCTCATACCTTTCGT	[0.00640593]
TCTGGCAAACACCACTC	[0.00640593]
TCTTCCAAGCACCACCT	[0.00640593]
TCTTCCAAGCATCTCAT	[0.00640593]
TCTTCCAAGCATCTCAT	[0.00640593]
TCTTCCAAGCATTCAGA	[0.00640593]
TCTTCCACACACACAAA	[0.00640593]
TCTTCCACACACCAGAT	[0.00640593]
TCTTCCACACCTTTTGG	[0.00640593]
TCTTCCACGCCTACCAA	[0.00640593]
TCTTCCAGACCCCTTTT	[0.00640593]
TCTTCCAGACCCCTTTT	[0.00640593]
TCTTCCAGGCCCTCCAC	[0.00640593]
TCTTCCAGGCCCTCCAC	[0.00640593]
TCTTCCATAAATCCTGT	[0.00640593]
TCTTCCATACCTTCACC	[0.00640593]
TCTTCCATACCTTCACC	[0.00640593]
TCTTCCATACTTCTCTC	[0.00640593]
TCTTCCATGCATCGCCT	[0.00640593]
TCTTCCATGTATTCCGC	[0.00640593]
TCTTCCATGTCCTCCTA	[0.00640593]
TCTTCCATTAACTCCCT	[0.00640593]
TCTTCCATTCAACTGGC	[0.00640593]
TCTTCCGTGCCCTAGTC	[0.00640593]
TCTTGCATAAACCTTAT	[0.00640593]
TCTTGCATGCCGTCCGT	[0.00640593]
TGAACAATACACTTCAC	[0.00640593]
TGAACCAAACACCAAGG	[0.00640593]
TGAACCATTCATCAGAT	[0.00640593]
TGACACAAAAACTCGAC	[0.00640593]
TGACACATTCACTTTTA	[0.00640593]
TGACAGAAGCACCACTC	[0.00640593]
TGACCCAAAAACTTTTC	[0.00640593]
TGACCCAAACTTTGCGA	[0.00640593]
TGACCCAAAGATATCGC	[0.00640593]
TGACCCACAAACAACAC	[0.00640593]
TGACCCACACATTTTTG	[0.00640593]
TGACCCAGCCCCACCTC	[0.00640593]
TGACCCAGGAACTCATT	[0.00640593]
TGACCCAGTAACTTGAC	[0.00640593]
TGACCCAGTCATTTCTT	[0.00640593]
TGACCCATACAAGTACA	[0.00640593]
TGACCCATACATTTTGG	[0.00717423]
TGACCCATACATTTTGG	[0.00717423]
TGACCCATACCCATGTC	[0.00640593]
TGACCCATACCCATGTC	[0.00640593]
TGACCCATAGCTCCCAT	[0.00640593]
TGACCCATGCAACAAAA	[0.00640593]
TGACCCATTCATCAAAG	[0.00640593]
TGACCCATTCATGACAA	[0.00640593]
TGACCCGTATCCCCAGA	[0.00640593]
TGACCCTTGCCTTTCAT	[0.00640593]
TGACGCAAAGACCTAGC	[0.00640593]
TGACGCTTGAACTCCGA	[0.00640593]
TGACTCAAACATCACTA	[0.00640593]
TGACTCACGCCCTCGAG	[0.00640593]
TGACTCAGGAACCCCTC	[0.00640593]
TGACTCATCCACCACTG	[0.00640593]
TGACTCCTCCACTTGAA	[0.00640593]
TGAGACATACTCCACAA	[0.00640593]
TGAGCCAACCACTTTTT	[0.00640593]
TGAGCCAACCACTTTTT	[0.00640593]
TGAGCCACGACCCTCTA	[0.00640336]
TGAGCCATTCATTCTTC	[0.00640593]
TGAGCCATTCATTCTTC	[0.00640593]
TGAGCCGCACCCTTCGT	[0.00640593]
TGAGCCGTACACCGAGT	[0.00640593]
TGAGTCAGGCACTACCA	[0.00640593]
TGAGTCATTCACTACGA	[0.00640593]
TGATACAAAAATTTCAA	[0.00640593]
TGATACAAATACTTCTT	[0.00640593]
TGATACACACACTTTCT	[0.00640593]
TGATCAATGCATTTGCA	[0.00640593]
TGATCCAAGAAATCCCA	[0.00640593]
TGATCCACACGCCTCAT	[0.00640593]
TGATCCATACAGCACCG	[0.00640593]
TGATCCATACCACTCTC	[0.00640593]
TGATCCATACCTAGCCT	[0.00640593]
TGATCCATATAACACGT	[0.00640593]
TGATCCATATTCCCGGA	[0.00640593]
TGATCCATCCATCAAGG	[0.00640593]
TGATCCATCCATCAAGG	[0.00640593]
TGATCCATGCAGTCCGA	[0.00640593]
TGATCCATGTAGCCATA	[0.00640593]
TGATCCATTCAGTCCAT	[0.00640593]
TGATCCATTTACCTGCA	[0.00640593]
TGATCCCTACTCTTGAC	[0.00640593]
TGATCCGAACAACCCCA	[0.00640593]
TGATCCGAGAACTTGGG	[0.00640593]
TGATCCGAGCATAGTCG	[0.00640593]
TGATCCGTTCCCTAGGA	[0.00640593]
TGATCCTCGCACTTGTA	[0.00640593]
TGATCCTCGCCCCACGC	[0.00640593]
TGATCCTTACACATAGT	[0.00640593]
TGATCCTTACATGGCTT	[0.00640593]
TGATCGAGATCCTCCAA	[0.00640593]
TGATCGATAACCCTTGA	[0.00640593]
TGATCTAGGCACTCTCA	[0.00640593]
TGATGCAGGAATTCCGA	[0.00640593]
TGATGCATACGCTATTT	[0.00640593]
TGATGGATACCCATTGA	[6.30586398e-07]
TGATTCAAACCCAACTC	[0.00640593]
TGATTCAAGCACCACAC	[0.00640593]
TGATTCACACACGGTGC	[0.00640593]
TGATTCATGCGCATCTC	[0.00640593]
TGATTCGTACACTTTTT	[0.00640593]
TGATTTATACCTCCTGA	[0.00640593]
TGCAGCATGCTCTCCAA	[6.30586398e-07]
TGCATCAAACACCTTGC	[0.00640593]
TGCCCCACACACATATA	[0.00640593]
TGCCCCACACACCTCGC	[0.00640593]
TGCCCCACACATTTCCT	[0.00640593]
TGCCGCATGCACATTAC	[0.00640593]
TGCCTCACGCACCTTCT	[0.00640593]
TGCGACAAGCCCTTGGC	[6.30586398e-07]
TGCGGCGTACACCTCTA	[0.00640593]
TGCTCCAAAAAGTCCAC	[0.00640593]
TGCTCCAAACAATTGGG	[0.00640593]
TGCTCCAAACATTCTAC	[0.00640593]
TGCTCCAGGCCCCATCA	[0.00640593]
TGCTCCATACAGCATGT	[0.00640593]
TGCTCCATACATACAAT	[0.00640593]
TGCTCCATTCAACCGAG	[0.00640593]
TGCTCTATGAATCCCAA	[0.00640593]
TGCTGCAAACCTTCCAC	[0.00640593]
TGCTGCACACCCTAGGT	[0.00640552]
TGCTGCGTACATTTCAA	[0.00640593]
TGCTTCAAACTCTTGAT	[6.30586398e-07]
TGCTTCAGACACTCCTG	[0.00640593]
TGGAACGTAGACTCGAC	[6.30586398e-07]
TGGACCACACATCTTAT	[0.00640593]
TGGACCATTAACTTCGT	[6.30618316e-07]
TGGACTATAAACTCGGA	[6.30586398e-07]
TGGAGCATACCCTTGGT	[6.30586398e-07]
TGGATCAAACACGCCAG	[0.00640593]
TGGATCAGACACTTCCA	[0.00640593]
TGGATCAGACACTTCCA	[0.00640593]
TGGCACAAACCTCTCGA	[0.00640593]
TGGCACATACCCAACGC	[0.00640593]
TGGCCCAAACACCGTCC	[0.00640593]
TGGCCCAAATATTTCTA	[0.00640593]
TGGCCCAAATCCTACGA	[0.00640593]
TGGCCCAGGGACTACGC	[0.00640593]
TGGCCCATACTTCTTAA	[0.00640593]
TGGCCCGCGCAGGTTCG	[0.00640593]
TGGCCTACACACTTCGT	[0.00640593]
TGGCGCACACACCGTGT	[0.00640593]
TGGCGCATATATCACAC	[0.00640593]
TGGCTCACAGATTCGAC	[0.00640593]
TGGCTCATACCTGTCAT	[0.00640593]
TGGGCCATAACTTCGTT	[6.30586398e-07]
TGGGCCATATACACTAA	[0.00640593]
TGGGGCAACCACTTTGA	[6.30586398e-07]
TGGTAAATGCACACGGA	[6.30586398e-07]
TGGTACAAGCATTCGAG	[0.00640593]
TGGTACAGGCACAACTA	[0.00640593]
TGGTACATAAACTTCCT	[0.00639726]
TGGTACATAGACTTGAC	[6.30586398e-07]
TGGTACATATCCTACGG	[0.00640578]
TGGTCAAAACGCTCCAG	[0.00640593]
TGGTCAATGCACCACAT	[0.00640593]
TGGTCCAAAGACTTGGC	[0.00640593]
TGGTCCAAGCACTCTCT	[0.00640593]
TGGTCCAGACCTCATAA	[0.00640593]
TGGTCCATACAGTAAAA	[0.00640593]
TGGTCCATATACTCAGT	[0.00640593]
TGGTCCATCGCCGCCGG	[0.00388686]
TGGTCCCTCCATCCCAG	[0.00640593]
TGGTGCAGACACTCATC	[0.00640593]
TGGTGCATATACATGGA	[0.00638859]
TGGTGCATATATTTAAA	[0.00640593]
TGGTGGATACACCCAGC	[0.00640593]
TGGTTCACAAACTAGAA	[0.00640593]
TGGTTCACAGATCCCAA	[0.00640593]
TGGTTCATGACCACCAT	[6.30586398e-07]
TGGTTTATACACGCCAG	[0.00640593]
TGTACCATGAACCCCAA	[0.00640593]
TGTCCCAAACACCTTCC	[0.00640593]
TGTCCCACACATCCGGG	[0.00640593]
TGTCCCAGACCTTCCTC	[0.00640593]
TGTCCCATACACGTACG	[0.00640593]
TGTCCCATACATCTTCA	[0.00640593]
TGTGCCATACACTCCAA	[0.00640593]
TGTTACATACAGTCGGA	[0.00640593]
TGTTCCAAACATTACTC	[0.00640593]
TGTTCCATACATTGCAG	[0.00640593]
TGTTCCATGGACTCATG	[0.00640593]
TGTTCCATTCCCATGAA	[0.00640593]
TGTTCCGTACATCTCCA	[0.00640593]
TGTTTCAAGCACTTCAG	[0.00640593]
TGTTTCAAGCACTTCAG	[0.00640593]
TTAAACATACATCCTAT	[0.00640593]
TTACAGATACACTCCGG	[0.00640593]
TTACCCAAAACCCCAAA	[0.00640593]
TTACCCAAACCCTGCGC	[0.00640593]
TTACCCAAACCTGTGGT	[0.00640593]
TTACCCACACCTGTGAT	[0.00640593]
TTACCCATACCCAAAAC	[0.00640593]
TTACCCATACCCAAAAC	[0.00640593]
TTACCCATACTCTTCAT	[0.00640593]
TTACCCATCAACTCTTC	[0.00640593]
TTACCCATTCACTAGGA	[0.00640593]
TTACCCCTACACGTTAA	[0.00640593]
TTACCCGGACCTTACGA	[0.00640593]
TTACCGATACATTCCGT	[0.00640593]
TTACGCATGAACTCGTA	[0.00640593]
TTACTCAGGCCCTTGTC	[0.00640593]
TTACTCATACAACTCAA	[0.00640593]
TTACTCGTGCACGCAAA	[0.00640593]
TTAGCCAAGGACCCCAT	[0.00640593]
TTATACACACATTCAAA	[0.00640593]
TTATACACGCACTTCTA	[0.00640593]
TTATACGTACATTTGGC	[0.00640593]
TTATCCAAACCTTCCGT	[0.00640593]
TTATCCAAACTTTTGGA	[0.00640593]
TTATCCAAATACTACGA	[0.00640593]
TTATCCAAGCCCAAGAA	[0.00640593]
TTATCCAATTACCTCAA	[0.00640593]
TTATCCAATTACCTCAA	[0.00640593]
TTATCCAATTACTTCTA	[0.00640593]
TTATCCACAAACTTTAA	[0.00640593]
TTATCCATAACGTTCGA	[0.00640593]
TTATCCATACATTCCAT	[0.01831566]
TTATCCATATACCTTAT	[0.00640593]
TTATCCATCCACCAGTC	[0.00640593]
TTATCCATGCAACCAAG	[0.00640593]
TTATCCGGACCCTACAT	[0.00640593]
TTATGCATAGCCCTCTT	[6.30639316e-07]
TTATGCATGACCTCTGG	[6.30586398e-07]
TTATGCATTAACTTGAA	[6.30586398e-07]
TTATGCATTCACTTGAG	[0.00640593]
TTATGCATTCACTTGAG	[0.00640593]
TTATTCAAACCTCAGAA	[0.00640593]
TTATTCAAGCCCTCCAG	[0.00640593]
TTATTCATACTCTTCCA	[0.00640593]
TTATTCATGCCTCATAA	[0.00640593]
TTATTCATTAACTTCGA	[0.00640593]
TTATTCTTGCCCTTGAA	[0.00640593]
TTCCCCAAGAACTCCGA	[0.00640593]
TTCCCCACGCCCTATTC	[0.00640593]
TTCCGCATGCATCAGAC	[0.00640593]
TTCTCCAAGCACACTGT	[0.00640593]
TTCTCCACATACCTCGT	[0.00640593]
TTCTCCACATACCTCGT	[0.00640593]
TTCTCCAGACAGCCCCA	[0.00640593]
TTCTCCATAAAGTCCAA	[0.00640593]
TTCTCCATTCCTTCCCC	[0.00640593]
TTCTCCGTAAATCCCTC	[0.00640593]
TTCTGCAAACATCTCGT	[0.00640593]
TTCTGCACGCATTCCTG	[0.00640593]
TTCTGTATACACCCGCA	[0.00640593]
TTCTTCATACACTAGAG	[0.00640593]
TTCTTCATTCACATCAA	[0.00640593]
TTGACCATACACTTATG	[0.00640593]
TTGCCCAAAAACCCTAG	[0.00640593]
TTGCCCATACATTCAAT	[0.00640593]
TTGCCCATAGCTCTGGT	[0.00640593]
TTGCCCATTCATTTTTA	[0.00640593]
TTGGCCATAAACTTGGT	[0.00640593]
TTGTACATATACCTCAC	[0.00640593]
TTGTCAAAACACCCCAG	[0.00640593]
TTGTCAAAACACTCCGG	[0.00640593]
TTGTCAAGACACTCCGG	[0.00640593]
TTGTCCAACAACTCGTA	[6.30586398e-07]
TTGTCCACGCCTCTTTC	[0.00640593]
TTGTCCAGATACCCGAT	[0.00640593]
TTGTCCAGATACCCGAT	[0.00640593]
TTGTCCATAAGTCCGGA	[0.00640593]
TTGTCCATACCGGACTA	[0.00640593]
TTGTCCATACTTCACCA	[0.00640593]
TTGTCCATATATCAGAT	[0.00640593]
TTGTCCATATTCCTCGA	[0.00640593]
TTGTCCATGAACTTTGG	[0.00640593]
TTGTCCGCCCACCCCAC	[0.00640593]
TTGTCCGTACACCTCGT	[0.00640593]
TTGTCCGTACCCTTGGC	[0.00640593]
TTGTCGAGACACTCCGG	[0.00640593]
TTGTTCATACATTCTTA	[0.00640593]
TTGTTCATATCTTCCAA	[0.00640593]
TTTCTCATACACCTTTA	[0.00640593]
TTTTCCAAGCATTTGTA	[0.00640593]
TTTTCCATACCTTCCTT	[0.00640593]
